order,popularity_rank,package,locked_version,tested_version,package_state,status,available_commands,total_commands,functional_passed,functional_executed,commands_without_scenarios,startup_status,first_failure,logs
1,4,debconf,1.5.82,1.5.82,install ok installed,passed,9,9,6,6,/usr/bin/debconf-apt-progress;/usr/bin/debconf-copydb;/usr/sbin/dpkg-reconfigure,nonzero_exit,,
2,7,perl-base,5.36.0-7+deb12u3,5.36.0-7+deb12u3,install ok installed,passed,2,2,2,2,,passed,,
3,8,debianutils,5.7-0.5~deb12u1,5.7-0.5~deb12u1,provided by kinakaze-base,passed,9,9,5,5,/sbin/installkernel;/usr/sbin/add-shell;/usr/sbin/remove-shell;/usr/sbin/update-shells,passed,,
4,10,libpam-runtime,1.5.2-6+deb12u2,1.5.2-6+deb12u2,provided by kinakaze-base,passed,2,2,1,1,/usr/sbin/pam-auth-update,passed,,
5,12,dash,0.5.12-2,0.5.12-2,provided by kinakaze-base,passed,2,2,2,2,,passed,,
6,15,sensible-utils,0.0.17+nmu1,0.0.17+nmu1,provided by kinakaze-base,passed,4,4,2,2,/usr/bin/select-editor;/usr/bin/sensible-browser,passed,,
7,18,cron,3.0pl1-162,3.0pl1-162,provided by kinakaze-base,passed,2,2,1,1,/usr/sbin/cron,nonzero_exit,,
8,21,systemd,252.39-1~deb12u2,252.39-1~deb12u2,provided by kinakaze-base,failed,36,36,11,19,/bin/systemd;/bin/systemd-ask-password;/bin/systemd-creds;/bin/systemd-inhibit;/bin/systemd-notify;/bin/systemd-repart;/bin/systemd-sysext;/bin/systemd-tty-ask-password-agent;/usr/bin/kernel-install;/usr/bin/systemd-cat;/usr/bin/systemd-cgtop;/usr/bin/systemd-cryptenroll;/usr/bin/systemd-mount;/usr/bin/systemd-run;/usr/bin/systemd-socket-activate;/usr/bin/systemd-stdio-bridge;/usr/bin/systemd-umount,passed,/bin/loginctl: environment_or_kernel,..\verified-matrix-cs\runs\20260930T214043-7783b834\008-systemd\1;..\verified-matrix-cs\runs\20260930T214043-7783b834\008-systemd\2;..\verified-matrix-cs\runs\20260930T214043-7783b834\008-systemd\3;..\verified-matrix-cs\runs\20260930T214043-7783b834\008-systemd\9;..\verified-matrix-cs\runs\20260930T214043-7783b834\008-systemd\10;..\verified-matrix-cs\runs\20260930T214043-7783b834\008-systemd\11;..\verified-matrix-cs\runs\20260930T214043-7783b834\008-systemd\17;..\verified-matrix-cs\runs\20260930T214043-7783b834\008-systemd\18
9,23,base-passwd,3.6.1,3.6.1,provided by kinakaze-base,passed,1,1,1,1,,passed,,
10,24,systemd-sysv,252.39-1~deb12u2,252.39-1~deb12u2,provided by kinakaze-base,not_tested,7,7,0,0,/sbin/halt;/sbin/init;/sbin/poweroff;/sbin/reboot;/sbin/runlevel;/sbin/shutdown;/sbin/telinit,passed,,
11,25,util-linux,2.38.1-5+deb12u3,2.38.1-5+deb12u3,provided by kinakaze-base,failed,80,80,45,53,/bin/wdctl;/sbin/agetty;/sbin/blkdiscard;/sbin/blkzone;/sbin/blockdev;/sbin/chcpu;/sbin/ctrlaltdel;/sbin/findfs;/sbin/fsfreeze;/sbin/fstrim;/sbin/getty;/sbin/isosize;/sbin/pivot_root;/sbin/sulogin;/sbin/switch_root;/usr/bin/addpart;/usr/bin/delpart;/usr/bin/mesg;/usr/bin/nsenter;/usr/bin/resizepart;/usr/bin/setterm;/usr/bin/unshare;/usr/bin/utmpdump;/usr/sbin/chmem;/usr/sbin/ldattach;/usr/sbin/readprofile;/usr/sbin/rtcwake,passed,/bin/dmesg: exit_or_assertion,..\verified-matrix-cs\runs\20260930T214043-7783b834\011-util-linux\0;..\verified-matrix-cs\runs\20260930T214043-7783b834\011-util-linux\2;..\verified-matrix-cs\runs\20260930T214043-7783b834\011-util-linux\25;..\verified-matrix-cs\runs\20260930T214043-7783b834\011-util-linux\26;..\verified-matrix-cs\runs\20260930T214043-7783b834\011-util-linux\32;..\verified-matrix-cs\runs\20260930T214043-7783b834\011-util-linux\36;..\verified-matrix-cs\runs\20260930T214043-7783b834\011-util-linux\38;..\verified-matrix-cs\runs\20260930T214043-7783b834\011-util-linux\50
12,26,coreutils,9.1-1,9.1-1,provided by kinakaze-base,passed,106,106,102,102,/usr/bin/chcon;/usr/bin/logname;/usr/bin/runcon;/usr/sbin/chroot,passed,,
13,28,passwd,1:4.13+dfsg1-1+deb12u2,1:4.13+dfsg1-1+deb12u2,provided by kinakaze-base,passed,27,27,10,10,/sbin/shadowconfig;/usr/bin/chfn;/usr/bin/chsh;/usr/bin/expiry;/usr/bin/gpasswd;/usr/sbin/chgpasswd;/usr/sbin/chpasswd;/usr/sbin/cpgr;/usr/sbin/cppw;/usr/sbin/groupmems;/usr/sbin/grpconv;/usr/sbin/grpunconv;/usr/sbin/newusers;/usr/sbin/pwconv;/usr/sbin/pwunconv;/usr/sbin/vigr;/usr/sbin/vipw,passed,,
14,30,tar,1.34+dfsg-1.2+deb12u1,1.34+dfsg-1.2+deb12u1,provided by kinakaze-base,passed,3,3,1,1,/usr/sbin/rmt-tar;/usr/sbin/tarcat,passed,,
15,31,dpkg,1.21.23,1.21.23,provided by kinakaze-base,passed,12,12,11,11,/usr/sbin/dpkg-fsys-usrunmess,passed,,
16,32,popularity-contest,1.76,,not registered,missing_package,0,2,0,0,/usr/sbin/popcon-largest-unused;/usr/sbin/popularity-contest,not_run,,
17,35,diffutils,1:3.8-4,1:3.8-4,provided by kinakaze-base,passed,4,4,4,4,,passed,,
18,36,apt,2.6.1,2.6.1,provided by kinakaze-base,passed,7,7,5,5,/usr/bin/apt-cdrom;/usr/bin/apt-key,passed,,
19,38,gzip,1.12-1,1.12-1,provided by kinakaze-base,passed,14,14,13,13,/bin/znew,passed,,
20,39,udev,252.39-1~deb12u2,252.39-1~deb12u2,provided by kinakaze-base,passed,2,2,1,1,/bin/systemd-hwdb,passed,,
21,41,bash,5.2.15-2+b13,5.2.15-2+b13,provided by kinakaze-base,passed,4,4,2,2,/usr/bin/bashbug;/usr/bin/clear_console,passed,,
22,45,libc-bin,2.36-9+deb12u14,2.36-9+deb12u14,provided by kinakaze-base,passed,13,13,10,10,/usr/bin/ld.so;/usr/bin/pldd;/usr/bin/tzselect,passed,,
23,52,openssl,3.0.20-1~deb12u2,3.0.22-1~deb12u1,provided by kinakaze-base,passed,2,2,2,2,,passed,,
24,55,groff-base,1.22.4-10,1.22.4-10,provided by kinakaze-base,passed,15,15,15,15,,passed,,
25,56,man-db,2.11.2-2,2.11.2-2,provided by kinakaze-base,passed,9,9,7,7,/usr/bin/catman;/usr/sbin/accessdb,passed,,
26,64,procps,2:4.0.2-3,2:4.0.2-3,provided by kinakaze-base,failed,18,18,11,12,/usr/bin/pidwait;/usr/bin/skill;/usr/bin/slabtop;/usr/bin/snice;/usr/bin/tload;/usr/bin/watch,passed,/usr/bin/pmap: exit_or_assertion,..\verified-matrix-cs\runs\20260930T214043-7783b834\026-procps\6
27,68,e2fsprogs,1.47.0-2+b2,1.47.0-2+b2,provided by kinakaze-base,failed,26,26,18,20,/sbin/e2mmpstatus;/sbin/e2scrub;/sbin/e2scrub_all;/sbin/e2undo;/usr/sbin/e4crypt;/usr/sbin/e4defrag,nonzero_exit,/usr/bin/chattr: environment_or_kernel,..\verified-matrix-cs\runs\20260930T214043-7783b834\027-e2fsprogs\15;..\verified-matrix-cs\runs\20260930T214043-7783b834\027-e2fsprogs\18
28,73,logsave,1.47.0-2+b2,1.47.0-2+b2,provided by kinakaze-base,passed,1,1,1,1,,nonzero_exit,,
29,74,grep,3.8-5,3.8-5,provided by kinakaze-base,passed,4,4,4,4,,passed,,
30,75,iproute2,6.1.0-3,6.1.0-3,provided by kinakaze-base,failed,19,19,6,16,/sbin/rtmon;/sbin/tipc;/usr/sbin/arpd,nonzero_exit,/sbin/dcb: environment_or_kernel,..\verified-matrix-cs\runs\20260930T214043-7783b834\030-iproute2\3;..\verified-matrix-cs\runs\20260930T214043-7783b834\030-iproute2\4;..\verified-matrix-cs\runs\20260930T214043-7783b834\030-iproute2\7;..\verified-matrix-cs\runs\20260930T214043-7783b834\030-iproute2\8;..\verified-matrix-cs\runs\20260930T214043-7783b834\030-iproute2\9;..\verified-matrix-cs\runs\20260930T214043-7783b834\030-iproute2\10;..\verified-matrix-cs\runs\20260930T214043-7783b834\030-iproute2\11;..\verified-matrix-cs\runs\20260930T214043-7783b834\030-iproute2\12;..\verified-matrix-cs\runs\20260930T214043-7783b834\030-iproute2\14;..\verified-matrix-cs\runs\20260930T214043-7783b834\030-iproute2\15
31,77,dbus-daemon,1.14.10-1~deb12u1,1.14.10-1~deb12u1,provided by kinakaze-base,passed,2,2,2,2,,passed,,
32,79,dbus-bin,1.14.10-1~deb12u1,1.14.10-1~deb12u1,provided by kinakaze-base,passed,5,5,3,3,/usr/bin/dbus-cleanup-sockets;/usr/bin/dbus-update-activation-environment,passed,,
33,81,openssh-server,1:9.2p1-2+deb12u10,,not registered,missing_package,0,1,0,0,/usr/sbin/sshd,not_run,,
34,82,sed,4.9-1+deb12u1,4.9-1+deb12u1,provided by kinakaze-base,passed,1,1,1,1,,passed,,
35,84,libcap2-bin,1:2.66-4+deb12u3+b1,1:2.66-4+deb12u3+b1,provided by kinakaze-base,timeout,4,4,1,4,,passed,/sbin/capsh: timeout,..\verified-matrix-cs\runs\20260930T214043-7783b834\035-libcap2-bin\0;..\verified-matrix-cs\runs\20260930T214043-7783b834\035-libcap2-bin\2;..\verified-matrix-cs\runs\20260930T214043-7783b834\035-libcap2-bin\3
36,87,sudo,1.9.13p3-1+deb12u4,1.9.13p3-1+deb12u4,install ok installed,passed,7,7,1,1,/usr/bin/cvtsudoers;/usr/bin/sudoedit;/usr/bin/sudoreplay;/usr/sbin/sudo_logsrvd;/usr/sbin/sudo_sendlog;/usr/sbin/visudo,passed,,
37,88,bsdextrautils,2.38.1-5+deb12u3,2.38.1-5+deb12u3,provided by kinakaze-base,passed,9,9,8,8,/usr/bin/write,passed,,
38,93,kmod,30+20221128-1,30+20221128-1,provided by kinakaze-base,failed,8,8,0,4,/sbin/depmod;/sbin/insmod;/sbin/modprobe;/sbin/rmmod,passed,/bin/kmod: environment_or_kernel,..\verified-matrix-cs\runs\20260930T214043-7783b834\038-kmod\0;..\verified-matrix-cs\runs\20260930T214043-7783b834\038-kmod\1;..\verified-matrix-cs\runs\20260930T214043-7783b834\038-kmod\2;..\verified-matrix-cs\runs\20260930T214043-7783b834\038-kmod\3
39,96,gpg,2.2.40-1.1+deb12u2,,not registered,missing_package,0,1,0,0,/usr/bin/gpg,not_run,,
40,97,sysvinit-utils,3.06-4,3.06-4,provided by kinakaze-base,passed,3,3,2,2,/sbin/killall5,nonzero_exit,,
41,99,init-system-helpers,1.65.2+deb12u1,1.65.2+deb12u1,provided by kinakaze-base,passed,5,5,1,1,/usr/bin/deb-systemd-helper;/usr/bin/deb-systemd-invoke;/usr/sbin/service;/usr/sbin/update-rc.d,passed,,
42,100,dmsetup,2:1.02.185-2,2:1.02.185-2,provided by kinakaze-base,not_tested,3,3,0,0,/sbin/blkdeactivate;/sbin/dmsetup;/sbin/dmstats,passed,,
43,102,python3,3.11.2-1+b1,3.11.2-1+b1,install ok installed,passed,3,3,3,3,,nonzero_exit,,
44,103,gpgconf,2.2.40-1.1+deb12u2,,not registered,missing_package,0,2,0,0,/usr/bin/gpg-connect-agent;/usr/bin/gpgconf,not_run,,
45,108,ucf,3.0043+nmu1+deb12u1,3.0043+nmu1+deb12u1,install ok installed,failed,4,4,3,4,,passed,/usr/bin/lcf: exit_or_assertion,..\verified-matrix-cs\runs\20260930T214043-7783b834\045-ucf\0
46,109,findutils,4.9.0-4,4.9.0-4,provided by kinakaze-base,passed,2,2,2,2,,passed,,
47,111,adduser,3.134,3.134,provided by kinakaze-base,passed,4,4,1,1,/usr/sbin/addgroup;/usr/sbin/delgroup;/usr/sbin/deluser,passed,,
48,112,openssh-client,1:9.2p1-2+deb12u10,1:9.2p1-2+deb12u10,provided by kinakaze-base,passed,10,10,6,6,/usr/bin/sftp;/usr/bin/ssh-argv0;/usr/bin/ssh-copy-id;/usr/bin/ssh-keyscan,nonzero_exit,,
49,114,mount,2.38.1-5+deb12u3,2.38.1-5+deb12u3,provided by kinakaze-base,passed,5,5,3,3,/bin/umount;/sbin/swapoff,passed,,
50,115,perl,5.36.0-7+deb12u3,5.36.0-7+deb12u3,install ok installed,failed,29,29,24,25,/usr/bin/cpan;/usr/bin/enc2xs;/usr/bin/libnetcfg;/usr/bin/xsubpp,nonzero_exit,/usr/bin/ptardiff: exit_or_assertion,..\verified-matrix-cs\runs\20260930T214043-7783b834\050-perl\19
51,120,ifupdown,0.8.41,0.8.41,provided by kinakaze-base,passed,3,3,1,1,/sbin/ifdown;/sbin/ifup,passed,,
52,126,kbd,2.5.1-1+b1,,not registered,missing_package,0,33,0,0,/bin/chvt;/bin/dumpkeys;/bin/fgconsole;/bin/kbd_mode;/bin/loadkeys;/bin/openvt;/bin/setfont;/bin/unicode_start;/sbin/kbdrate;/usr/bin/codepage;/usr/bin/deallocvt;/usr/bin/getkeycodes;/usr/bin/kbdinfo;/usr/bin/loadunimap;/usr/bin/mapscrn;/usr/bin/mk_modmap;/usr/bin/psfaddtable;/usr/bin/psfgettable;/usr/bin/psfstriptable;/usr/bin/psfxtable;/usr/bin/resizecons;/usr/bin/screendump;/usr/bin/setkeycodes;/usr/bin/setleds;/usr/bin/setlogcons;/usr/bin/setmetamode;/usr/bin/setvtrgb;/usr/bin/showconsolefont;/usr/bin/showkey;/usr/bin/splitfont;/usr/bin/unicode_stop;/usr/sbin/setvesablank;/usr/sbin/vcstime,not_run,,
53,127,dirmngr,2.2.40-1.1+deb12u2,,not registered,missing_package,0,2,0,0,/usr/bin/dirmngr;/usr/bin/dirmngr-client,not_run,,
54,129,gpg-agent,2.2.40-1.1+deb12u2,,not registered,missing_package,0,1,0,0,/usr/bin/gpg-agent,not_run,,
55,132,apparmor,3.0.8-3,,not registered,missing_package,0,8,0,0,/sbin/apparmor_parser;/usr/bin/aa-enabled;/usr/bin/aa-exec;/usr/bin/aa-features-abi;/usr/sbin/aa-remove-unknown;/usr/sbin/aa-status;/usr/sbin/aa-teardown;/usr/sbin/apparmor_status,not_run,,
56,134,python3-minimal,3.11.2-1+b1,3.11.2-1+b1,provided by kinakaze-base,passed,4,4,4,4,,passed,,
57,154,libpam-modules-bin,1.5.2-6+deb12u2,1.5.2-6+deb12u2,provided by kinakaze-base,passed,7,7,1,1,/sbin/mkhomedir_helper;/sbin/pam_namespace_helper;/sbin/pwhistory_helper;/sbin/unix_chkpwd;/sbin/unix_update;/usr/sbin/pam_timestamp_check,nonzero_exit,,
58,165,lsb-release,12.0-1,12.0-1,provided by kinakaze-base,passed,1,1,1,1,,passed,,
59,168,logrotate,3.21.0-1,3.21.0-1,provided by kinakaze-base,passed,1,1,1,1,,passed,,
60,174,sgml-base,1.31,,not registered,missing_package,0,2,0,0,/usr/sbin/install-sgmlcatalog;/usr/sbin/update-catalog,not_run,,
61,175,xml-core,0.18+nmu1,,not registered,missing_package,0,2,0,0,/usr/bin/dh_installxmlcatalogs;/usr/sbin/update-xmlcatalog,not_run,,
62,181,mawk,1.3.4.20200120-3.1,1.3.4.20200120-3.1,provided by kinakaze-base,passed,1,1,1,1,,passed,,
63,184,polkitd,122-3,,not registered,missing_package,0,3,0,0,/usr/bin/pkaction;/usr/bin/pkcheck;/usr/bin/pkttyagent,not_run,,
64,188,initramfs-tools-core,0.142+deb12u3,,not registered,missing_package,0,3,0,0,/usr/bin/lsinitramfs;/usr/bin/unmkinitramfs;/usr/sbin/mkinitramfs,not_run,,
65,189,linux-base,4.12.1~deb12u1,,not registered,missing_package,0,4,0,0,/usr/bin/linux-check-removal;/usr/bin/linux-run-hooks;/usr/bin/linux-update-symlinks;/usr/bin/linux-version,not_run,,
66,190,initramfs-tools,0.142+deb12u3,,not registered,missing_package,0,1,0,0,/usr/sbin/update-initramfs,not_run,,
67,194,shared-mime-info,2.2-1,2.2-1,install ok installed,passed,1,1,1,1,,nonzero_exit,,
68,198,dmidecode,3.4-1,3.4-1,provided by kinakaze-base,failed,4,4,0,1,/usr/sbin/biosdecode;/usr/sbin/ownership;/usr/sbin/vpddecode,passed,/usr/sbin/dmidecode: environment_or_kernel,..\verified-matrix-cs\runs\20260930T214043-7783b834\068-dmidecode\0
69,200,ssl-cert,1.1.2,,not registered,missing_package,0,1,0,0,/usr/sbin/make-ssl-cert,not_run,,
70,202,sqv,1.1.0-1+b5,,not registered,missing_package,0,1,0,0,/usr/bin/sqv,not_run,,
71,208,fontconfig,2.14.1-4,2.14.1-4,install ok installed,passed,9,9,1,1,/usr/bin/fc-cache;/usr/bin/fc-cat;/usr/bin/fc-conflist;/usr/bin/fc-list;/usr/bin/fc-match;/usr/bin/fc-query;/usr/bin/fc-scan;/usr/bin/fc-validate,passed,,
72,211,grub2-common,2.06-13+deb12u2,,not registered,missing_package,0,5,0,0,/usr/sbin/grub-install;/usr/sbin/grub-reboot;/usr/sbin/grub-set-default;/usr/sbin/update-grub;/usr/sbin/update-grub2,not_run,,
73,223,pinentry-curses,1.2.1-1,,not registered,missing_package,0,1,0,0,/usr/bin/pinentry-curses,not_run,,
74,227,lsof,4.95.0-1,4.95.0-1,provided by kinakaze-base,passed,1,1,1,1,,passed,,
75,233,avahi-daemon,0.8-10+deb12u1,,not registered,missing_package,0,1,0,0,/usr/sbin/avahi-daemon,not_run,,
76,236,grub-common,2.06-13+deb12u2,,not registered,missing_package,0,22,0,0,/usr/bin/grub-editenv;/usr/bin/grub-file;/usr/bin/grub-fstest;/usr/bin/grub-glue-efi;/usr/bin/grub-kbdcomp;/usr/bin/grub-menulst2cfg;/usr/bin/grub-mkfont;/usr/bin/grub-mkimage;/usr/bin/grub-mklayout;/usr/bin/grub-mknetdir;/usr/bin/grub-mkpasswd-pbkdf2;/usr/bin/grub-mkrelpath;/usr/bin/grub-mkrescue;/usr/bin/grub-mkstandalone;/usr/bin/grub-mount;/usr/bin/grub-render-label;/usr/bin/grub-script-check;/usr/bin/grub-syslinux2cfg;/usr/sbin/grub-macbless;/usr/sbin/grub-mkconfig;/usr/sbin/grub-mkdevicemap;/usr/sbin/grub-probe,not_run,,
77,240,parted,3.5-3,,not registered,missing_package,0,2,0,0,/sbin/parted;/sbin/partprobe,not_run,,
78,247,fuse3,3.14.0-4,,not registered,missing_package,0,4,0,0,/bin/fusermount;/bin/fusermount3;/sbin/mount.fuse;/sbin/mount.fuse3,not_run,,
79,260,udisks2,2.9.4-4+deb12u2,,not registered,missing_package,0,2,0,0,/sbin/umount.udisks2;/usr/bin/udisksctl,not_run,,
80,270,acl,2.3.1-3,,not registered,missing_package,0,3,0,0,/bin/chacl;/bin/getfacl;/bin/setfacl,not_run,,
81,273,modemmanager,1.20.4-1,,not registered,missing_package,0,2,0,0,/usr/bin/mmcli;/usr/sbin/ModemManager,not_run,,
82,277,network-manager,1.42.4-1+deb12u1,,not registered,missing_package,0,7,0,0,/usr/bin/nm-online;/usr/bin/nmcli;/usr/bin/nmtui;/usr/bin/nmtui-connect;/usr/bin/nmtui-edit;/usr/bin/nmtui-hostname;/usr/sbin/NetworkManager,not_run,,
83,279,bc,1.07.1-3+b1,1.07.1-3+b1,install ok installed,passed,1,1,1,1,,passed,,
84,283,gpgsm,2.2.40-1.1+deb12u2,,not registered,missing_package,0,1,0,0,/usr/bin/gpgsm,not_run,,
85,288,anacron,2.3-36,,not registered,missing_package,0,1,0,0,/usr/sbin/anacron,not_run,,
86,290,apt-utils,2.6.1,2.6.1,provided by kinakaze-base,passed,3,3,2,2,/usr/bin/apt-extracttemplates,passed,,
87,292,wpasupplicant,2:2.10-12+deb12u3,,not registered,missing_package,0,4,0,0,/sbin/wpa_action;/sbin/wpa_cli;/sbin/wpa_supplicant;/usr/bin/wpa_passphrase,not_run,,
88,294,git,1:2.39.5-0+deb12u3,1:2.39.5-0+deb12u3,install ok installed,passed,6,6,1,1,/usr/bin/git-receive-pack;/usr/bin/git-shell;/usr/bin/git-upload-archive;/usr/bin/git-upload-pack;/usr/bin/scalar,passed,,
89,299,bsdutils,1:2.38.1-5+deb12u3,1:2.38.1-5+deb12u3,provided by kinakaze-base,passed,6,6,3,3,/usr/bin/logger;/usr/bin/scriptlive;/usr/bin/wall,passed,,
90,300,colord,1.4.6-2.2,,not registered,missing_package,0,5,0,0,/usr/bin/cd-create-profile;/usr/bin/cd-fix-profile;/usr/bin/cd-iccdump;/usr/bin/cd-it8;/usr/bin/colormgr,not_run,,
91,311,x11-xkb-utils,7.7+7,,not registered,missing_package,0,7,0,0,/usr/bin/setxkbmap;/usr/bin/xkbbell;/usr/bin/xkbcomp;/usr/bin/xkbevd;/usr/bin/xkbprint;/usr/bin/xkbvleds;/usr/bin/xkbwatch,not_run,,
92,328,rtkit,0.13-5,,not registered,missing_package,0,1,0,0,/usr/sbin/rtkitctl,not_run,,
93,330,apt-listchanges,3.24,3.24,install ok installed,passed,1,1,1,1,,passed,,
94,334,upower,0.99.20-2,,not registered,missing_package,0,1,0,0,/usr/bin/upower,not_run,,
95,336,cups-daemon,2.4.2-3+deb12u9,,not registered,missing_package,0,1,0,0,/usr/sbin/cupsd,not_run,,
96,342,psmisc,23.6-1,23.6-1,provided by kinakaze-base,passed,7,7,6,6,/usr/bin/peekfd,nonzero_exit,,
97,354,gtk-update-icon-cache,3.24.38-2~deb12u3,,not registered,missing_package,0,2,0,0,/usr/bin/gtk-update-icon-cache;/usr/sbin/update-icon-caches,not_run,,
98,360,libglib2.0-bin,2.74.6-2+deb12u9,,not registered,missing_package,0,7,0,0,/usr/bin/gapplication;/usr/bin/gdbus;/usr/bin/gio;/usr/bin/gio-querymodules;/usr/bin/glib-compile-schemas;/usr/bin/gresource;/usr/bin/gsettings,not_run,,
99,362,gettext-base,0.21-12,0.21-12,provided by kinakaze-base,passed,4,4,4,4,,passed,,
100,370,cups-browsed,1.28.17-3+deb12u2,,not registered,missing_package,0,1,0,0,/usr/sbin/cups-browsed,not_run,,
101,375,bubblewrap,0.8.0-2+deb12u1,,not registered,missing_package,0,1,0,0,/usr/bin/bwrap,not_run,,
102,382,desktop-file-utils,0.26-1,,not registered,missing_package,0,4,0,0,/usr/bin/desktop-file-edit;/usr/bin/desktop-file-install;/usr/bin/desktop-file-validate;/usr/bin/update-desktop-database,not_run,,
103,391,iptables,1.8.9-2,,not registered,missing_package,0,30,0,0,/usr/bin/iptables-xml;/usr/sbin/arptables-nft;/usr/sbin/arptables-nft-restore;/usr/sbin/arptables-nft-save;/usr/sbin/ebtables-nft;/usr/sbin/ebtables-nft-restore;/usr/sbin/ebtables-nft-save;/usr/sbin/ebtables-translate;/usr/sbin/ip6tables-apply;/usr/sbin/ip6tables-legacy;/usr/sbin/ip6tables-legacy-restore;/usr/sbin/ip6tables-legacy-save;/usr/sbin/ip6tables-nft;/usr/sbin/ip6tables-nft-restore;/usr/sbin/ip6tables-nft-save;/usr/sbin/ip6tables-restore-translate;/usr/sbin/ip6tables-translate;/usr/sbin/iptables-apply;/usr/sbin/iptables-legacy;/usr/sbin/iptables-legacy-restore;/usr/sbin/iptables-legacy-save;/usr/sbin/iptables-nft;/usr/sbin/iptables-nft-restore;/usr/sbin/iptables-nft-save;/usr/sbin/iptables-restore-translate;/usr/sbin/iptables-translate;/usr/sbin/nfnl_osf;/usr/sbin/xtables-legacy-multi;/usr/sbin/xtables-monitor;/usr/sbin/xtables-nft-multi,not_run,,
104,392,bluez,5.66-1+deb12u2,,not registered,missing_package,0,19,0,0,/bin/hciconfig;/usr/bin/bluemoon;/usr/bin/bluetoothctl;/usr/bin/btattach;/usr/bin/btmgmt;/usr/bin/btmon;/usr/bin/ciptool;/usr/bin/gatttool;/usr/bin/hciattach;/usr/bin/hcitool;/usr/bin/hex2hcd;/usr/bin/l2ping;/usr/bin/l2test;/usr/bin/mpris-proxy;/usr/bin/obexctl;/usr/bin/rctest;/usr/bin/rfcomm;/usr/bin/sdptool;/usr/sbin/bluetoothd,not_run,,
105,400,gcr,3.41.1-1+b1,,not registered,missing_package,0,1,0,0,/usr/bin/gcr-viewer,not_run,,
106,413,hostname,3.23+nmu1,3.23+nmu1,provided by kinakaze-base,failed,5,5,3,5,,nonzero_exit,/bin/nisdomainname: exit_or_assertion,..\verified-matrix-cs\runs\20260930T214043-7783b834\106-hostname\3;..\verified-matrix-cs\runs\20260930T214043-7783b834\106-hostname\4
107,416,p11-kit,0.24.1-2,,not registered,missing_package,0,2,0,0,/usr/bin/p11-kit;/usr/bin/trust,not_run,,
108,418,xserver-xorg-core,2:21.1.7-3+deb12u12,,not registered,missing_package,0,3,0,0,/usr/bin/X;/usr/bin/Xorg;/usr/bin/gtf,not_run,,
109,423,pinentry-gnome3,1.2.1-1,,not registered,missing_package,0,1,0,0,/usr/bin/pinentry-gnome3,not_run,,
110,424,gnome-keyring,42.1-1+b2,,not registered,missing_package,0,3,0,0,/usr/bin/gnome-keyring;/usr/bin/gnome-keyring-3;/usr/bin/gnome-keyring-daemon,not_run,,
111,430,speech-dispatcher,0.11.4-2,,not registered,missing_package,0,3,0,0,/usr/bin/spd-say;/usr/bin/spdsend;/usr/bin/speech-dispatcher,not_run,,
112,450,cpio,2.13+dfsg-7.1,2.13+dfsg-7.1,provided by kinakaze-base,passed,2,2,1,1,/bin/mt-gnu,passed,,
113,462,alsa-utils,1.2.8-1,,not registered,missing_package,0,20,0,0,/usr/bin/aconnect;/usr/bin/alsabat;/usr/bin/alsaloop;/usr/bin/alsamixer;/usr/bin/alsatplg;/usr/bin/alsaucm;/usr/bin/amidi;/usr/bin/amixer;/usr/bin/aplay;/usr/bin/aplaymidi;/usr/bin/arecord;/usr/bin/arecordmidi;/usr/bin/aseqdump;/usr/bin/aseqnet;/usr/bin/axfer;/usr/bin/iecset;/usr/bin/speaker-test;/usr/sbin/alsa-info;/usr/sbin/alsabat-test;/usr/sbin/alsactl,not_run,,
114,469,plymouth,22.02.122-3,,not registered,missing_package,0,3,0,0,/usr/bin/plymouth;/usr/sbin/plymouth-set-default-theme;/usr/sbin/plymouthd,not_run,,
115,473,cpp,4:12.2.0-3,4:12.2.0-3,install ok installed,passed,2,2,2,2,,passed,,
116,480,pipewire-bin,0.3.65-3+deb12u1,,not registered,missing_package,0,24,0,0,/usr/bin/pipewire;/usr/bin/pipewire-avb;/usr/bin/pw-cat;/usr/bin/pw-cli;/usr/bin/pw-dot;/usr/bin/pw-dsdplay;/usr/bin/pw-dump;/usr/bin/pw-link;/usr/bin/pw-loopback;/usr/bin/pw-metadata;/usr/bin/pw-mididump;/usr/bin/pw-midiplay;/usr/bin/pw-midirecord;/usr/bin/pw-mon;/usr/bin/pw-play;/usr/bin/pw-profiler;/usr/bin/pw-record;/usr/bin/pw-reserve;/usr/bin/pw-top;/usr/bin/spa-acp-tool;/usr/bin/spa-inspect;/usr/bin/spa-json-dump;/usr/bin/spa-monitor;/usr/bin/spa-resample,not_run,,
117,482,xserver-xorg-input-wacom,1.1.0-1,,not registered,missing_package,0,3,0,0,/usr/bin/isdv4-serial-debugger;/usr/bin/isdv4-serial-inputattach;/usr/bin/xsetwacom,not_run,,
118,486,zstd,1.5.4+dfsg2-5,1.5.4+dfsg2-5,provided by kinakaze-base,passed,7,7,7,7,,passed,,
119,488,usbmuxd,1.1.1-2+deb12u1,,not registered,missing_package,0,1,0,0,/usr/sbin/usbmuxd,not_run,,
120,493,xdg-user-dirs,0.18-1,,not registered,missing_package,0,2,0,0,/usr/bin/xdg-user-dir;/usr/bin/xdg-user-dirs-update,not_run,,
121,497,ipp-usb,0.9.23-1+b4,,not registered,missing_package,0,1,0,0,/sbin/ipp-usb,not_run,,
122,500,ca-certificates,20230311+deb12u1,20250419~deb12u1,provided by kinakaze-base,passed,1,1,1,1,,passed,,
123,516,x11-xserver-utils,7.7+9+b1,,not registered,missing_package,0,17,0,0,/usr/bin/iceauth;/usr/bin/sessreg;/usr/bin/showrgb;/usr/bin/xcmsdb;/usr/bin/xgamma;/usr/bin/xhost;/usr/bin/xkeystone;/usr/bin/xmodmap;/usr/bin/xrandr;/usr/bin/xrdb;/usr/bin/xrefresh;/usr/bin/xset;/usr/bin/xsetmode;/usr/bin/xsetpointer;/usr/bin/xsetroot;/usr/bin/xstdcmap;/usr/bin/xvidtune,not_run,,
124,519,xz-utils,5.4.1-1+deb12u1,5.4.1-1+deb12u2,provided by kinakaze-base,passed,11,11,11,11,,passed,,
125,520,wireplumber,0.4.13-1,,not registered,missing_package,0,3,0,0,/usr/bin/wireplumber;/usr/bin/wpctl;/usr/bin/wpexec,not_run,,
126,521,fwupd,2.0.20-1~deb12u2,,not registered,missing_package,0,3,0,0,/usr/bin/dbxtool;/usr/bin/fwupdmgr;/usr/bin/fwupdtool,not_run,,
127,523,file,1:5.44-3,1:5.44-3,provided by kinakaze-base,passed,1,1,1,1,,passed,,
128,531,whiptail,0.52.23-1+b1,0.52.23-1+b1,provided by kinakaze-base,not_tested,1,1,0,0,/usr/bin/whiptail,passed,,
129,537,appstream,0.16.1-2+b1,,not registered,missing_package,0,1,0,0,/usr/bin/appstreamcli,not_run,,
130,545,pipewire-pulse,0.3.65-3+deb12u1,,not registered,missing_package,0,1,0,0,/usr/bin/pipewire-pulse,not_run,,
131,549,apache2-bin,2.4.68-1~deb12u1,,not registered,missing_package,0,1,0,0,/usr/sbin/apache2,not_run,,
132,559,rsyslog,8.2302.0-1+deb12u1,,not registered,missing_package,0,1,0,0,/usr/sbin/rsyslogd,not_run,,
133,571,mailcap,3.70+nmu1,3.70+nmu1,provided by kinakaze-base,passed,6,6,1,1,/usr/bin/compose;/usr/bin/edit;/usr/bin/print;/usr/bin/see;/usr/sbin/update-mime,passed,,
134,579,switcheroo-control,2.6-1+b1,,not registered,missing_package,0,1,0,0,/usr/bin/switcherooctl,not_run,,
135,602,bolt,0.9.5-1,,not registered,missing_package,0,1,0,0,/usr/bin/boltctl,not_run,,
136,618,lvm2,2.03.16-2,,not registered,missing_package,0,47,0,0,/sbin/fsadm;/sbin/lvchange;/sbin/lvconvert;/sbin/lvcreate;/sbin/lvdisplay;/sbin/lvextend;/sbin/lvm;/sbin/lvmconfig;/sbin/lvmdiskscan;/sbin/lvmdump;/sbin/lvmpolld;/sbin/lvmsadc;/sbin/lvmsar;/sbin/lvreduce;/sbin/lvremove;/sbin/lvrename;/sbin/lvresize;/sbin/lvs;/sbin/lvscan;/sbin/pvchange;/sbin/pvck;/sbin/pvcreate;/sbin/pvdisplay;/sbin/pvmove;/sbin/pvremove;/sbin/pvresize;/sbin/pvs;/sbin/pvscan;/sbin/vgcfgbackup;/sbin/vgcfgrestore;/sbin/vgchange;/sbin/vgck;/sbin/vgconvert;/sbin/vgcreate;/sbin/vgdisplay;/sbin/vgexport;/sbin/vgextend;/sbin/vgimport;/sbin/vgimportclone;/sbin/vgmerge;/sbin/vgmknodes;/sbin/vgreduce;/sbin/vgremove;/sbin/vgrename;/sbin/vgs;/sbin/vgscan;/sbin/vgsplit,not_run,,
137,622,less,590-2.1~deb12u2,590-2.1~deb12u2,provided by kinakaze-base,passed,5,5,5,5,,passed,,
138,623,dictionaries-common,1.29.5,,not registered,missing_package,0,13,0,0,/usr/bin/ispell-wrapper;/usr/bin/select-default-iwrap;/usr/sbin/aspell-autobuildhash;/usr/sbin/ispell-autobuildhash;/usr/sbin/remove-default-ispell;/usr/sbin/remove-default-wordlist;/usr/sbin/select-default-ispell;/usr/sbin/select-default-wordlist;/usr/sbin/update-default-aspell;/usr/sbin/update-default-ispell;/usr/sbin/update-default-wordlist;/usr/sbin/update-dictcommon-aspell;/usr/sbin/update-dictcommon-hunspell,not_run,,
139,631,dosfstools,4.2-1,,not registered,missing_package,0,10,0,0,/sbin/dosfsck;/sbin/dosfslabel;/sbin/fatlabel;/sbin/fsck.fat;/sbin/fsck.msdos;/sbin/fsck.vfat;/sbin/mkdosfs;/sbin/mkfs.fat;/sbin/mkfs.msdos;/sbin/mkfs.vfat,not_run,,
140,632,nftables,1.0.6-2+deb12u2,1.0.6-2+deb12u2,provided by kinakaze-base,passed,1,1,1,1,,passed,,
141,635,pciutils,1:3.9.0-4,1:3.9.0-4,provided by kinakaze-base,failed,3,3,0,1,/usr/bin/setpci;/usr/sbin/update-pciids,nonzero_exit,/usr/bin/lspci: environment_or_kernel,..\verified-matrix-cs\runs\20260930T214043-7783b834\141-pciutils\0
142,645,xwayland,2:22.1.9-1,,not registered,missing_package,0,1,0,0,/usr/bin/Xwayland,not_run,,
143,652,power-profiles-daemon,0.12-1+b1,,not registered,missing_package,0,1,0,0,/usr/bin/powerprofilesctl,not_run,,
144,658,curl,7.88.1-10+deb12u15,7.88.1-10+deb12u15,provided by kinakaze-base,passed,1,1,1,1,,passed,,
145,660,gawk,1:5.2.1-2,1:5.2.1-2,install ok installed,passed,2,2,1,1,/usr/bin/gawkbug,passed,,
146,667,libc-dev-bin,2.36-9+deb12u14,2.36-9+deb12u14,install ok installed,passed,1,1,1,1,,passed,,
147,673,smartmontools,7.3-1+b1,,not registered,missing_package,0,3,0,0,/usr/sbin/smartctl;/usr/sbin/smartd;/usr/sbin/update-smart-drivedb,not_run,,
148,674,xdg-dbus-proxy,0.1.4-3+deb12u1,,not registered,missing_package,0,1,0,0,/usr/bin/xdg-dbus-proxy,not_run,,
149,682,iio-sensor-proxy,3.0-2,,not registered,missing_package,0,2,0,0,/usr/bin/monitor-sensor;/usr/sbin/iio-sensor-proxy,not_run,,
150,701,x11-utils,7.7+5,,not registered,missing_package,0,18,0,0,/usr/bin/appres;/usr/bin/editres;/usr/bin/listres;/usr/bin/luit;/usr/bin/viewres;/usr/bin/xdpyinfo;/usr/bin/xdriinfo;/usr/bin/xev;/usr/bin/xfd;/usr/bin/xfontsel;/usr/bin/xkill;/usr/bin/xlsatoms;/usr/bin/xlsclients;/usr/bin/xlsfonts;/usr/bin/xmessage;/usr/bin/xprop;/usr/bin/xvinfo;/usr/bin/xwininfo,not_run,,
151,704,xbrlapi,6.5-7+deb12u1,,not registered,missing_package,0,1,0,0,/usr/bin/xbrlapi,not_run,,
152,710,eject,2.38.1-5+deb12u3,,not registered,missing_package,0,1,0,0,/usr/bin/eject,not_run,,
153,713,python3.11-minimal,3.11.2-6+deb12u8,3.11.2-6+deb12u8,provided by kinakaze-base,passed,1,1,1,1,,passed,,
154,714,iucode-tool,2.3.1-3,,not registered,missing_package,0,2,0,0,/usr/sbin/iucode-tool;/usr/sbin/iucode_tool,not_run,,
155,730,xdg-utils,1.1.3-4.1,,not registered,missing_package,0,8,0,0,/usr/bin/xdg-desktop-icon;/usr/bin/xdg-desktop-menu;/usr/bin/xdg-email;/usr/bin/xdg-icon-resource;/usr/bin/xdg-mime;/usr/bin/xdg-open;/usr/bin/xdg-screensaver;/usr/bin/xdg-settings,not_run,,
156,732,dconf-cli,0.40.0-4,,not registered,missing_package,0,1,0,0,/usr/bin/dconf,not_run,,
157,733,python3-charset-normalizer,3.0.1-2,3.0.1-2,provided by kinakaze-base,passed,1,1,1,1,,passed,,
158,734,ibus,1.5.27-5,,not registered,missing_package,0,3,0,0,/usr/bin/ibus;/usr/bin/ibus-daemon;/usr/bin/ibus-setup,not_run,,
159,737,gjs,1.74.2-1+deb12u1,,not registered,missing_package,0,2,0,0,/usr/bin/gjs;/usr/bin/gjs-console,not_run,,
160,749,libgdm1,43.0-3,,not registered,missing_package,0,1,0,0,/usr/bin/gdmflexiserver,not_run,,
161,755,gnome-session-bin,43.0-1+deb12u1,,not registered,missing_package,0,3,0,0,/usr/bin/gnome-session;/usr/bin/gnome-session-inhibit;/usr/bin/gnome-session-quit,not_run,,
162,757,exim4-base,4.96-15+deb12u10,4.96-15+deb12u10,provided by kinakaze-base,not_tested,16,16,0,0,/usr/sbin/exicyclog;/usr/sbin/exigrep;/usr/sbin/exim_checkaccess;/usr/sbin/exim_convert4r4;/usr/sbin/exim_dbmbuild;/usr/sbin/exim_dumpdb;/usr/sbin/exim_fixdb;/usr/sbin/exim_lock;/usr/sbin/exim_tidydb;/usr/sbin/eximstats;/usr/sbin/exinext;/usr/sbin/exipick;/usr/sbin/exiqgrep;/usr/sbin/exiqsumm;/usr/sbin/exiwhat;/usr/sbin/syslog2eximlog,passed,,
163,758,exim4-config,4.96-15+deb12u10,4.96-15+deb12u10,provided by kinakaze-base,not_tested,3,3,0,0,/usr/sbin/update-exim4.conf;/usr/sbin/update-exim4.conf.template;/usr/sbin/update-exim4defaults,passed,,
164,760,gnome-control-center,1:43.6-2~deb12u1,,not registered,missing_package,0,1,0,0,/usr/bin/gnome-control-center,not_run,,
165,761,iputils-ping,3:20221126-1+deb12u1,3:20221126-1+deb12u1,provided by kinakaze-base,failed,3,3,2,3,,nonzero_exit,/bin/ping6: exit_or_assertion,..\verified-matrix-cs\runs\20260930T214043-7783b834\165-iputils-ping\2
166,765,gnome-shell,43.9-0+deb12u2,,not registered,missing_package,0,4,0,0,/usr/bin/gnome-extensions;/usr/bin/gnome-shell;/usr/bin/gnome-shell-extension-tool;/usr/bin/gnome-shell-perf-tool,not_run,,
167,768,gdm3,43.0-3,,not registered,missing_package,0,2,0,0,/usr/bin/gdm-screenshot;/usr/sbin/gdm3,not_run,,
168,771,ntfs-3g,1:2022.10.3-1+deb12u3,,not registered,missing_package,0,27,0,0,/bin/lowntfs-3g;/bin/ntfs-3g;/bin/ntfs-3g.probe;/bin/ntfscat;/bin/ntfscluster;/bin/ntfscmp;/bin/ntfsfallocate;/bin/ntfsfix;/bin/ntfsinfo;/bin/ntfsls;/bin/ntfsmove;/bin/ntfsrecover;/bin/ntfssecaudit;/bin/ntfstruncate;/bin/ntfsusermap;/bin/ntfswipe;/sbin/mkfs.ntfs;/sbin/mkntfs;/sbin/mount.lowntfs-3g;/sbin/mount.ntfs;/sbin/mount.ntfs-3g;/sbin/ntfsclone;/sbin/ntfscp;/sbin/ntfslabel;/sbin/ntfsresize;/sbin/ntfsundelete;/usr/bin/ntfsdecrypt,not_run,,
169,772,gpgv,2.2.40-1.1+deb12u2,2.2.40-1.1+deb12u2,provided by kinakaze-base,passed,1,1,1,1,,passed,,
170,779,exim4-daemon-light,4.96-15+deb12u10,4.96-15+deb12u10,provided by kinakaze-base,failed,8,8,0,2,/usr/bin/mailq;/usr/bin/newaliases;/usr/sbin/rmail;/usr/sbin/rsmtp;/usr/sbin/runq;/usr/sbin/sendmail,nonzero_exit,/usr/sbin/exim: missing_package_or_configuration,..\verified-matrix-cs\runs\20260930T214043-7783b834\170-exim4-daemon-light\0;..\verified-matrix-cs\runs\20260930T214043-7783b834\170-exim4-daemon-light\1
171,781,rsync,3.2.7-1+deb12u6,3.2.7-1+deb12u6,install ok installed,passed,3,3,1,1,/usr/bin/rrsync;/usr/bin/rsync-ssl,nonzero_exit,,
172,782,ncurses-bin,6.4-4,6.4-4,provided by kinakaze-base,timeout,10,10,6,7,/usr/bin/reset;/usr/bin/tabs;/usr/bin/tset,nonzero_exit,/usr/bin/toe: timeout,..\verified-matrix-cs\runs\20260930T214043-7783b834\172-ncurses-bin\5
173,783,xdg-user-dirs-gtk,0.11-1,,not registered,missing_package,0,1,0,0,/usr/bin/xdg-user-dirs-gtk-update,not_run,,
174,806,wireless-tools,30~pre9-14,,not registered,missing_package,0,6,0,0,/sbin/iwconfig;/sbin/iwevent;/sbin/iwgetid;/sbin/iwlist;/sbin/iwpriv;/sbin/iwspy,not_run,,
175,809,xauth,1:1.1.2-1,1:1.1.2-1,provided by kinakaze-base,passed,1,1,1,1,,nonzero_exit,,
176,819,firefox-esr,140.12.0esr-1~deb12u1,,not registered,missing_package,0,2,0,0,/usr/bin/firefox;/usr/bin/firefox-esr,not_run,,
177,822,binutils,2.40-2,2.40-2,install ok installed,passed,25,25,6,6,/usr/bin/addr2line;/usr/bin/as;/usr/bin/dwp;/usr/bin/elfedit;/usr/bin/gold;/usr/bin/gp-archive;/usr/bin/gp-collect-app;/usr/bin/gp-display-html;/usr/bin/gp-display-src;/usr/bin/gp-display-text;/usr/bin/gprof;/usr/bin/gprofng;/usr/bin/ld;/usr/bin/ld.bfd;/usr/bin/ld.gold;/usr/bin/objcopy;/usr/bin/ranlib;/usr/bin/size;/usr/bin/strip,passed,,
178,826,xfonts-utils,1:7.7+6,,not registered,missing_package,0,9,0,0,/usr/bin/bdftopcf;/usr/bin/bdftruncate;/usr/bin/fonttosfnt;/usr/bin/mkfontdir;/usr/bin/mkfontscale;/usr/bin/ucs2any;/usr/sbin/update-fonts-alias;/usr/sbin/update-fonts-dir;/usr/sbin/update-fonts-scale,not_run,,
179,840,binutils-x86-64-linux-gnu,2.40-2,2.40-2,install ok installed,passed,25,25,6,6,/usr/bin/x86_64-linux-gnu-addr2line;/usr/bin/x86_64-linux-gnu-as;/usr/bin/x86_64-linux-gnu-dwp;/usr/bin/x86_64-linux-gnu-elfedit;/usr/bin/x86_64-linux-gnu-gold;/usr/bin/x86_64-linux-gnu-gp-archive;/usr/bin/x86_64-linux-gnu-gp-collect-app;/usr/bin/x86_64-linux-gnu-gp-display-html;/usr/bin/x86_64-linux-gnu-gp-display-src;/usr/bin/x86_64-linux-gnu-gp-display-text;/usr/bin/x86_64-linux-gnu-gprof;/usr/bin/x86_64-linux-gnu-gprofng;/usr/bin/x86_64-linux-gnu-ld;/usr/bin/x86_64-linux-gnu-ld.bfd;/usr/bin/x86_64-linux-gnu-ld.gold;/usr/bin/x86_64-linux-gnu-objcopy;/usr/bin/x86_64-linux-gnu-ranlib;/usr/bin/x86_64-linux-gnu-size;/usr/bin/x86_64-linux-gnu-strip,passed,,
180,844,wget,1.21.3-1+deb12u1,1.21.3-1+deb12u1,provided by kinakaze-base,passed,1,1,1,1,,passed,,
181,846,nautilus,43.2-1,,not registered,missing_package,0,2,0,0,/usr/bin/nautilus;/usr/bin/nautilus-autorun-software,not_run,,
182,848,rpcbind,1.2.6-6+b1,,not registered,missing_package,0,3,0,0,/sbin/rpcbind;/usr/bin/rpcinfo;/usr/sbin/rpcinfo,not_run,,
183,851,busybox,1:1.35.0-4+deb12u1+b1,1:1.35.0-4+deb12u1+b1,provided by kinakaze-base,passed,1,1,1,1,,passed,,
184,856,apache2-utils,2.4.68-1~deb12u1,,not registered,missing_package,0,12,0,0,/usr/bin/ab;/usr/bin/checkgid;/usr/bin/fcgistarter;/usr/bin/htcacheclean;/usr/bin/htdbm;/usr/bin/htdigest;/usr/bin/htpasswd;/usr/bin/logresolve;/usr/bin/rotatelogs;/usr/sbin/check_forensic;/usr/sbin/httxt2dbm;/usr/sbin/split-logfile,not_run,,
185,860,util-linux-extra,2.38.1-5+deb12u3,2.38.1-5+deb12u3,provided by kinakaze-base,failed,4,4,1,4,,passed,/sbin/hwclock: exit_or_assertion,..\verified-matrix-cs\runs\20260930T214043-7783b834\185-util-linux-extra\0;..\verified-matrix-cs\runs\20260930T214043-7783b834\185-util-linux-extra\2;..\verified-matrix-cs\runs\20260930T214043-7783b834\185-util-linux-extra\3
186,861,lm-sensors,1:3.6.0-7.1,,not registered,missing_package,0,5,0,0,/usr/bin/sensors;/usr/bin/sensors-conf-convert;/usr/sbin/isadump;/usr/sbin/isaset;/usr/sbin/sensors-detect,not_run,,
187,864,apache2,2.4.68-1~deb12u1,,not registered,missing_package,0,9,0,0,/usr/sbin/a2disconf;/usr/sbin/a2dismod;/usr/sbin/a2dissite;/usr/sbin/a2enconf;/usr/sbin/a2enmod;/usr/sbin/a2ensite;/usr/sbin/a2query;/usr/sbin/apache2ctl;/usr/sbin/apachectl,not_run,,
188,867,login,1:4.13+dfsg1-1+deb12u2,1:4.13+dfsg1-1+deb12u2,provided by kinakaze-base,passed,6,6,4,4,/bin/login;/usr/bin/newgrp,nonzero_exit,,
189,873,ghostscript,10.0.0~dfsg-11+deb12u8,,not registered,missing_package,0,27,0,0,/usr/bin/dvipdf;/usr/bin/eps2eps;/usr/bin/ghostscript;/usr/bin/gs;/usr/bin/gsbj;/usr/bin/gsdj;/usr/bin/gsdj500;/usr/bin/gslj;/usr/bin/gslp;/usr/bin/gsnd;/usr/bin/pdf2dsc;/usr/bin/pdf2ps;/usr/bin/pf2afm;/usr/bin/pfbtopfa;/usr/bin/pphs;/usr/bin/printafm;/usr/bin/ps2ascii;/usr/bin/ps2epsi;/usr/bin/ps2pdf;/usr/bin/ps2pdf12;/usr/bin/ps2pdf13;/usr/bin/ps2pdf14;/usr/bin/ps2pdfwr;/usr/bin/ps2ps;/usr/bin/ps2ps2;/usr/bin/ps2txt;/usr/sbin/update-gsfontmap,not_run,,
190,883,nano,7.2-1+deb12u1,7.2-1+deb12u1,provided by kinakaze-base,not_tested,2,2,0,0,/bin/nano;/bin/rnano,passed,,
191,891,poppler-utils,22.12.0-2+deb12u2,,not registered,missing_package,0,13,0,0,/usr/bin/pdfattach;/usr/bin/pdfdetach;/usr/bin/pdffonts;/usr/bin/pdfimages;/usr/bin/pdfinfo;/usr/bin/pdfseparate;/usr/bin/pdfsig;/usr/bin/pdftocairo;/usr/bin/pdftohtml;/usr/bin/pdftoppm;/usr/bin/pdftops;/usr/bin/pdftotext;/usr/bin/pdfunite,not_run,,
192,900,bzip2,1.0.8-5+b1,1.0.8-5+b1,provided by kinakaze-base,passed,12,12,12,12,,passed,,
193,910,samba-common-bin,2:4.17.12+dfsg-0+deb12u4,,not registered,missing_package,0,8,0,0,/usr/bin/dbwrap_tool;/usr/bin/net;/usr/bin/nmblookup;/usr/bin/samba-regedit;/usr/bin/samba-tool;/usr/bin/smbpasswd;/usr/bin/testparm;/usr/sbin/samba_kcc,not_run,,
194,911,pkexec,122-3,,not registered,missing_package,0,1,0,0,/usr/bin/pkexec,not_run,,
195,914,gnome-software,43.5-1~deb12u2,,not registered,missing_package,0,1,0,0,/usr/bin/gnome-software,not_run,,
196,917,im-config,0.55-2,,not registered,missing_package,0,2,0,0,/usr/bin/im-config;/usr/bin/im-launch,not_run,,
197,926,cups-filters,1.28.17-3+deb12u2,,not registered,missing_package,0,2,0,0,/usr/bin/driverless-fax;/usr/bin/foomatic-rip,not_run,,
198,927,qemu-guest-agent,1:7.2+dfsg-7+deb12u18+b3,,not registered,missing_package,0,1,0,0,/usr/sbin/qemu-ga,not_run,,
199,929,gcc,4:12.2.0-3,4:12.2.0-3,install ok installed,passed,18,18,1,1,/usr/bin/c89-gcc;/usr/bin/c99-gcc;/usr/bin/gcc-ar;/usr/bin/gcc-nm;/usr/bin/gcc-ranlib;/usr/bin/gcov;/usr/bin/gcov-dump;/usr/bin/gcov-tool;/usr/bin/lto-dump;/usr/bin/x86_64-linux-gnu-gcc;/usr/bin/x86_64-linux-gnu-gcc-ar;/usr/bin/x86_64-linux-gnu-gcc-nm;/usr/bin/x86_64-linux-gnu-gcc-ranlib;/usr/bin/x86_64-linux-gnu-gcov;/usr/bin/x86_64-linux-gnu-gcov-dump;/usr/bin/x86_64-linux-gnu-gcov-tool;/usr/bin/x86_64-linux-gnu-lto-dump,passed,,
200,933,libreoffice-common,4:7.4.7-1+deb12u14,,not registered,missing_package,0,5,0,0,/usr/bin/libreoffice;/usr/bin/loffice;/usr/bin/lofromtemplate;/usr/bin/soffice;/usr/bin/unopkg,not_run,,
201,937,cups-client,2.4.2-3+deb12u9,,not registered,missing_package,0,13,0,0,/usr/bin/cancel;/usr/bin/cupstestppd;/usr/bin/lp;/usr/bin/lpoptions;/usr/bin/lpstat;/usr/sbin/cupsaccept;/usr/sbin/cupsctl;/usr/sbin/cupsdisable;/usr/sbin/cupsenable;/usr/sbin/cupsreject;/usr/sbin/lpadmin;/usr/sbin/lpinfo;/usr/sbin/lpmove,not_run,,
202,950,nfs-common,1:2.6.2-4+deb12u1,,not registered,missing_package,0,19,0,0,/sbin/mount.nfs;/sbin/mount.nfs4;/sbin/rpc.statd;/sbin/showmount;/sbin/sm-notify;/sbin/umount.nfs;/sbin/umount.nfs4;/usr/sbin/blkmapd;/usr/sbin/mountstats;/usr/sbin/nfsconf;/usr/sbin/nfsidmap;/usr/sbin/nfsiostat;/usr/sbin/nfsstat;/usr/sbin/rpc.gssd;/usr/sbin/rpc.idmapd;/usr/sbin/rpc.svcgssd;/usr/sbin/rpcctl;/usr/sbin/rpcdebug;/usr/sbin/start-statd,not_run,,
203,951,pulseaudio,16.1+dfsg1-2+b1,,not registered,missing_package,0,2,0,0,/usr/bin/pulseaudio;/usr/bin/start-pulseaudio-x11,not_run,,
204,955,cups-ppdc,2.4.2-3+deb12u9,,not registered,missing_package,0,5,0,0,/usr/bin/ppdc;/usr/bin/ppdhtml;/usr/bin/ppdi;/usr/bin/ppdmerge;/usr/bin/ppdpo,not_run,,
205,956,gnome-remote-desktop,43.3-1,,not registered,missing_package,0,1,0,0,/usr/bin/grdctl,not_run,,
206,959,dmeventd,2:1.02.185-2,,not registered,missing_package,0,1,0,0,/sbin/dmeventd,not_run,,
207,965,cups-filters-core-drivers,1.28.17-3+deb12u2,,not registered,missing_package,0,1,0,0,/usr/bin/driverless,not_run,,
208,966,make,4.3-4.1,4.3-4.1,install ok installed,passed,3,3,2,2,/usr/bin/make-first-existing-target,passed,,
209,969,cups,2.4.2-3+deb12u9,,not registered,missing_package,0,1,0,0,/usr/sbin/cupsfilter,not_run,,
210,976,vim-common,2:9.0.1378-2+deb12u2,2:9.0.1378-2+deb12u2,provided by kinakaze-base,passed,1,1,1,1,,passed,,
211,980,realmd,0.17.1-1,,not registered,missing_package,0,1,0,0,/usr/sbin/realm,not_run,,
212,981,libpaper-utils,1.1.29,,not registered,missing_package,0,2,0,0,/usr/bin/paperconf;/usr/sbin/paperconfig,not_run,,
213,982,isc-dhcp-client,4.4.3-P1-2,4.4.3-P1-2,provided by kinakaze-base,not_tested,2,2,0,0,/sbin/dhclient;/sbin/dhclient-script,passed,,
214,999,gnome-disk-utility,43.0-1,,not registered,missing_package,0,2,0,0,/usr/bin/gnome-disk-image-mounter;/usr/bin/gnome-disks,not_run,,
215,1038,lightdm,1.26.0-8,,not registered,missing_package,0,2,0,0,/usr/bin/dm-tool;/usr/sbin/lightdm,not_run,,
216,1046,unattended-upgrades,2.9.1+nmu3,,not registered,missing_package,0,2,0,0,/usr/bin/unattended-upgrade;/usr/bin/unattended-upgrades,not_run,,
217,1048,rygel,0.42.1-1,,not registered,missing_package,0,1,0,0,/usr/bin/rygel,not_run,,
218,1074,lightdm-gtk-greeter,2.0.8-2+b1,,not registered,missing_package,0,1,0,0,/usr/sbin/lightdm-gtk-greeter,not_run,,
219,1075,pulseaudio-utils,16.1+dfsg1-2+b1,,not registered,missing_package,0,11,0,0,/usr/bin/pa-info;/usr/bin/pacat;/usr/bin/pacmd;/usr/bin/pactl;/usr/bin/padsp;/usr/bin/pamon;/usr/bin/paplay;/usr/bin/parec;/usr/bin/parecord;/usr/bin/pasuspender;/usr/bin/pax11publish,not_run,,
220,1083,sshfs,3.7.3-1.2~deb12u1,,not registered,missing_package,0,3,0,0,/usr/bin/sshfs;/usr/sbin/mount.fuse.sshfs;/usr/sbin/mount.sshfs,not_run,,
221,1085,gnome-menus,3.36.0-1.1,,not registered,missing_package,0,1,0,0,/usr/sbin/gnome-menus-blacklist,not_run,,
222,1091,cracklib-runtime,2.9.6-5+b1,,not registered,missing_package,0,6,0,0,/usr/sbin/cracklib-check;/usr/sbin/cracklib-format;/usr/sbin/cracklib-packer;/usr/sbin/cracklib-unpacker;/usr/sbin/create-cracklib-dict;/usr/sbin/update-cracklib,not_run,,
223,1099,unzip,6.0-28,6.0-28+deb12u1,provided by kinakaze-base,passed,5,5,4,4,/usr/bin/unzipsfx,passed,,
224,1100,bind9-host,1:9.18.49-1~deb12u1,1:9.18.49-1~deb12u2,provided by kinakaze-base,passed,1,1,1,1,,nonzero_exit,,
225,1103,gnome-terminal,3.46.8-1,,not registered,missing_package,0,2,0,0,/usr/bin/gnome-terminal;/usr/bin/gnome-terminal.wrapper,not_run,,
226,1111,php-common,2:93,2:93,install ok installed,not_tested,3,3,0,0,/usr/sbin/phpdismod;/usr/sbin/phpenmod;/usr/sbin/phpquery,nonzero_exit,,
227,1113,system-config-printer-common,1.5.18-1,,not registered,missing_package,0,1,0,0,/usr/bin/scp-dbus-service,not_run,,
228,1116,kdeconnect,22.12.3-1,,not registered,missing_package,0,6,0,0,/usr/bin/kdeconnect-app;/usr/bin/kdeconnect-cli;/usr/bin/kdeconnect-handler;/usr/bin/kdeconnect-indicator;/usr/bin/kdeconnect-settings;/usr/bin/kdeconnect-sms,not_run,,
229,1121,sysstat,12.6.1-1,,not registered,missing_package,0,7,0,0,/usr/bin/cifsiostat;/usr/bin/iostat;/usr/bin/mpstat;/usr/bin/pidstat;/usr/bin/sadf;/usr/bin/sar.sysstat;/usr/bin/tapestat,not_run,,
230,1136,hdparm,9.65+ds-1,,not registered,missing_package,0,1,0,0,/sbin/hdparm,not_run,,
231,1142,libreoffice-writer,4:7.4.7-1+deb12u14,,not registered,missing_package,0,2,0,0,/usr/bin/loweb;/usr/bin/lowriter,not_run,,
232,1143,cups-ipp-utils,2.4.2-3+deb12u9,,not registered,missing_package,0,5,0,0,/usr/bin/ippfind;/usr/bin/ipptool;/usr/sbin/ippevepcl;/usr/sbin/ippeveprinter;/usr/sbin/ippeveps,not_run,,
233,1150,libwww-perl,6.68-1,6.68-1,install ok installed,passed,7,7,1,1,/usr/bin/GET;/usr/bin/POST;/usr/bin/lwp-download;/usr/bin/lwp-dump;/usr/bin/lwp-mirror;/usr/bin/lwp-request,nonzero_exit,,
234,1154,mesa-vulkan-drivers,22.3.6-1+deb12u2,,not registered,missing_package,0,1,0,0,/usr/bin/mesa-overlay-control.py,not_run,,
235,1155,samba,2:4.17.12+dfsg-0+deb12u4,,not registered,missing_package,0,17,0,0,/usr/bin/dumpmscat;/usr/bin/mvxattr;/usr/bin/oLschema2ldif;/usr/bin/pdbedit;/usr/bin/profiles;/usr/bin/sharesec;/usr/bin/smbcontrol;/usr/bin/smbstatus;/usr/sbin/eventlogadm;/usr/sbin/nmbd;/usr/sbin/samba;/usr/sbin/samba-gpupdate;/usr/sbin/samba_dnsupdate;/usr/sbin/samba_downgrade_db;/usr/sbin/samba_spnupdate;/usr/sbin/samba_upgradedns;/usr/sbin/smbd,not_run,,
236,1169,flatpak,1.14.10-1~deb12u2,,not registered,missing_package,0,1,0,0,/usr/bin/flatpak,not_run,,
237,1171,gnupg2,2.2.40-1.1+deb12u2,,not registered,missing_package,0,1,0,0,/usr/bin/gpg2,not_run,,
238,1173,sddm,0.19.0-5,,not registered,missing_package,0,2,0,0,/usr/bin/sddm;/usr/bin/sddm-greeter,not_run,,
239,1177,net-tools,2.10-0.1+deb12u2,,not registered,missing_package,0,11,0,0,/bin/netstat;/sbin/ifconfig;/sbin/ipmaddr;/sbin/iptunnel;/sbin/mii-tool;/sbin/nameif;/sbin/plipconfig;/sbin/rarp;/sbin/route;/sbin/slattach;/usr/sbin/arp,not_run,,
240,1186,dpkg-dev,1.21.23,,not registered,missing_package,0,17,0,0,/usr/bin/dpkg-architecture;/usr/bin/dpkg-buildflags;/usr/bin/dpkg-buildpackage;/usr/bin/dpkg-checkbuilddeps;/usr/bin/dpkg-distaddfile;/usr/bin/dpkg-genbuildinfo;/usr/bin/dpkg-genchanges;/usr/bin/dpkg-gencontrol;/usr/bin/dpkg-gensymbols;/usr/bin/dpkg-mergechangelogs;/usr/bin/dpkg-name;/usr/bin/dpkg-parsechangelog;/usr/bin/dpkg-scanpackages;/usr/bin/dpkg-scansources;/usr/bin/dpkg-shlibdeps;/usr/bin/dpkg-source;/usr/bin/dpkg-vendor,not_run,,
241,1189,libgpod-common,0.8.3-17+b1,,not registered,missing_package,0,2,0,0,/usr/bin/ipod-read-sysinfo-extended;/usr/bin/ipod-time-sync,not_run,,
242,1195,libreoffice-calc,4:7.4.7-1+deb12u14,,not registered,missing_package,0,1,0,0,/usr/bin/localc,not_run,,
243,1201,tmux,3.3a-3,,not registered,missing_package,0,1,0,0,/usr/bin/tmux,not_run,,
244,1229,drkonqi,5.27.5-2,,not registered,missing_package,0,1,0,0,/usr/bin/drkonqi-coredump-gui,not_run,,
245,1235,plasma-workspace,4:5.27.5-2+deb12u2,,not registered,missing_package,0,27,0,0,/usr/bin/gmenudbusmenuproxy;/usr/bin/kcminit;/usr/bin/kcminit_startup;/usr/bin/kcolorschemeeditor;/usr/bin/kde-systemd-start-condition;/usr/bin/kfontinst;/usr/bin/kfontview;/usr/bin/klipper;/usr/bin/krunner;/usr/bin/ksmserver;/usr/bin/ksplashqml;/usr/bin/lookandfeeltool;/usr/bin/plasma-apply-colorscheme;/usr/bin/plasma-apply-cursortheme;/usr/bin/plasma-apply-desktoptheme;/usr/bin/plasma-apply-lookandfeel;/usr/bin/plasma-apply-wallpaperimage;/usr/bin/plasma-interactiveconsole;/usr/bin/plasma-localegen-helper;/usr/bin/plasma-shutdown;/usr/bin/plasma_session;/usr/bin/plasma_waitforname;/usr/bin/plasmashell;/usr/bin/plasmawindowed;/usr/bin/startplasma-x11;/usr/bin/systemmonitor;/usr/bin/xembedsniproxy,not_run,,
246,1241,postfix,3.7.11-0+deb12u1,,not registered,not_tested,4,26,0,0,/usr/bin/mailq;/usr/bin/newaliases;/usr/bin/rmail;/usr/sbin/postalias;/usr/sbin/postcat;/usr/sbin/postconf;/usr/sbin/postdrop;/usr/sbin/postfix;/usr/sbin/postfix-add-filter;/usr/sbin/postfix-add-policy;/usr/sbin/postfix-collate;/usr/sbin/postkick;/usr/sbin/postlock;/usr/sbin/postlog;/usr/sbin/postmap;/usr/sbin/postmulti;/usr/sbin/postqueue;/usr/sbin/postsuper;/usr/sbin/posttls-finger;/usr/sbin/qmqp-sink;/usr/sbin/qmqp-source;/usr/sbin/qshape;/usr/sbin/rmail;/usr/sbin/sendmail;/usr/sbin/smtp-sink;/usr/sbin/smtp-source,nonzero_exit,,
247,1253,dhcpcd-base,9.4.1-24~deb12u5,,not registered,missing_package,0,1,0,0,/usr/sbin/dhcpcd,not_run,,
248,1254,patch,2.7.6-7,2.7.6-7,install ok installed,passed,1,1,1,1,,passed,,
249,1255,fail2ban,1.0.2-2,,not registered,missing_package,0,5,0,0,/usr/bin/fail2ban-client;/usr/bin/fail2ban-python;/usr/bin/fail2ban-regex;/usr/bin/fail2ban-server;/usr/bin/fail2ban-testcases,not_run,,
250,1272,mariadb-server-core,1:10.11.18-0+deb12u1,1:10.11.18-0+deb12u1,install ok installed,passed,8,8,1,1,/usr/bin/innochecksum;/usr/bin/mariadb-install-db;/usr/bin/mariadb-upgrade;/usr/bin/mysql_install_db;/usr/bin/mysql_upgrade;/usr/bin/resolveip;/usr/sbin/mysqld,passed,,
251,1281,libdbi-perl,1.643-4+deb12u1,1.643-4+deb12u2,install ok installed,passed,4,4,1,1,/usr/bin/dbiprof;/usr/bin/dbiproxy;/usr/bin/dh_perl_dbi,passed,,
252,1283,ethtool,1:6.1-1,,not registered,missing_package,0,1,0,0,/sbin/ethtool,not_run,,
253,1288,dnsmasq-base,2.90-4~deb12u2,,not registered,missing_package,0,1,0,0,/usr/sbin/dnsmasq,not_run,,
254,1302,kwin-wayland,4:5.27.5-3,,not registered,missing_package,0,2,0,0,/usr/bin/kwin_wayland;/usr/bin/kwin_wayland_wrapper,not_run,,
255,1309,libreoffice-draw,4:7.4.7-1+deb12u14,,not registered,missing_package,0,1,0,0,/usr/bin/lodraw,not_run,,
256,1314,libreoffice-impress,4:7.4.7-1+deb12u14,,not registered,missing_package,0,1,0,0,/usr/bin/loimpress,not_run,,
257,1319,systemd-coredump,252.39-1~deb12u2,,not registered,missing_package,0,1,0,0,/usr/bin/coredumpctl,not_run,,
258,1324,socat,1.7.4.4-2,1.7.4.4-2,install ok installed,passed,3,3,1,1,/usr/bin/filan;/usr/bin/procan,nonzero_exit,,
259,1332,bind9-dnsutils,1:9.18.49-1~deb12u1,1:9.18.49-1~deb12u2,provided by kinakaze-base,passed,6,6,3,3,/usr/bin/delv;/usr/bin/dnstap-read;/usr/bin/nsupdate,nonzero_exit,,
260,1338,gdb,13.1-3,,not registered,missing_package,0,4,0,0,/usr/bin/gcore;/usr/bin/gdb;/usr/bin/gdb-add-index;/usr/bin/gdbtui,not_run,,
261,1344,install-info,6.8-6+b1,,not registered,missing_package,0,3,0,0,/usr/bin/ginstall-info;/usr/bin/install-info;/usr/sbin/update-info-dir,not_run,,
262,1351,liblockfile-bin,1.17-1+b1,1.17-1+b1,provided by kinakaze-base,passed,1,1,1,1,,nonzero_exit,,
263,1357,usbutils,1:014-1+deb12u1,,not registered,missing_package,0,4,0,0,/usr/bin/lsusb;/usr/bin/usb-devices;/usr/bin/usbhid-dump;/usr/bin/usbreset,not_run,,
264,1360,libreoffice-math,4:7.4.7-1+deb12u14,,not registered,missing_package,0,1,0,0,/usr/bin/lomath,not_run,,
265,1373,nginx,1.22.1-9+deb12u9,,not registered,passed,1,1,1,1,,nonzero_exit,,
266,1376,aspell,0.60.8-4+b1,,not registered,missing_package,0,8,0,0,/usr/bin/aspell;/usr/bin/aspell-import;/usr/bin/precat;/usr/bin/preunzip;/usr/bin/prezip;/usr/bin/prezip-bin;/usr/bin/run-with-aspell;/usr/bin/word-list-compress,not_run,,
267,1378,cryptsetup-bin,2:2.6.1-4~deb12u2,,not registered,missing_package,0,3,0,0,/sbin/cryptsetup;/sbin/integritysetup;/sbin/veritysetup,not_run,,
268,1387,pigz,2.6-1,,not registered,missing_package,0,2,0,0,/usr/bin/pigz;/usr/bin/unpigz,not_run,,
269,1393,postgresql-client-common,248+deb12u1,,not registered,missing_package,0,20,0,0,/usr/bin/clusterdb;/usr/bin/createdb;/usr/bin/createlang;/usr/bin/createuser;/usr/bin/dropdb;/usr/bin/droplang;/usr/bin/dropuser;/usr/bin/pg_basebackup;/usr/bin/pg_dump;/usr/bin/pg_dumpall;/usr/bin/pg_isready;/usr/bin/pg_receivewal;/usr/bin/pg_receivexlog;/usr/bin/pg_recvlogical;/usr/bin/pg_restore;/usr/bin/pgbench;/usr/bin/psql;/usr/bin/reindexdb;/usr/bin/vacuumdb;/usr/bin/vacuumlo,not_run,,
270,1395,xfconf,4.18.0-2,,not registered,missing_package,0,1,0,0,/usr/bin/xfconf-query,not_run,,
271,1398,breeze,4:5.27.5-2,,not registered,missing_package,0,1,0,0,/usr/bin/breeze-settings5,not_run,,
272,1402,vim,2:9.0.1378-2+deb12u2,2:9.0.1378-2+deb12u2,install ok installed,passed,1,1,1,1,,passed,,
273,1405,plasma-desktop,4:5.27.5-2,,not registered,missing_package,0,8,0,0,/usr/bin/kaccess;/usr/bin/kapplymousetheme;/usr/bin/kcm-touchpad-list-devices;/usr/bin/knetattach;/usr/bin/krunner-plugininstaller;/usr/bin/plasma-emojier;/usr/bin/solid-action-desktop-gen;/usr/bin/tastenbrett,not_run,,
274,1408,update-inetd,4.53,,not registered,missing_package,0,1,0,0,/usr/sbin/update-inetd,not_run,,
275,1413,ufw,0.36.2-1,,not registered,missing_package,0,1,0,0,/usr/sbin/ufw,not_run,,
276,1415,openvpn,2.6.14-0+deb12u2,,not registered,missing_package,0,1,0,0,/usr/sbin/openvpn,not_run,,
277,1416,7zip,22.01+really26.01+dfsg-0+deb12u1,,not registered,missing_package,0,1,0,0,/usr/bin/7zz,not_run,,
278,1420,open-vm-tools,2:12.2.0-1+deb12u4,,not registered,missing_package,0,13,0,0,/usr/bin/VGAuthService;/usr/bin/vm-support;/usr/bin/vmhgfs-fuse;/usr/bin/vmtoolsd;/usr/bin/vmware-alias-import;/usr/bin/vmware-checkvm;/usr/bin/vmware-hgfsclient;/usr/bin/vmware-namespace-cmd;/usr/bin/vmware-rpctool;/usr/bin/vmware-toolbox-cmd;/usr/bin/vmware-vgauth-cmd;/usr/bin/vmware-vmblock-fuse;/usr/bin/vmware-xferlogs,not_run,,
279,1427,xsettingsd,1.0.2-1,,not registered,missing_package,0,2,0,0,/usr/bin/dump_xsettings;/usr/bin/xsettingsd,not_run,,
280,1429,cpp-12,12.2.0-14+deb12u1,12.2.0-14+deb12u1,install ok installed,passed,2,2,2,2,,passed,,
281,1434,kalendarac,4:22.12.3-1,,not registered,missing_package,0,1,0,0,/usr/bin/kalendarac,not_run,,
282,1445,kde-cli-tools,4:5.27.5.1-2,,not registered,missing_package,0,22,0,0,/usr/bin/kbroadcastnotification;/usr/bin/kcmshell5;/usr/bin/kde-inhibit;/usr/bin/kde-open;/usr/bin/kde-open5;/usr/bin/kdecp;/usr/bin/kdecp5;/usr/bin/kdemv;/usr/bin/kdemv5;/usr/bin/keditfiletype;/usr/bin/keditfiletype5;/usr/bin/kinfo;/usr/bin/kioclient;/usr/bin/kioclient5;/usr/bin/kmimetypefinder;/usr/bin/kmimetypefinder5;/usr/bin/kstart;/usr/bin/kstart5;/usr/bin/ksvgtopng;/usr/bin/ksvgtopng5;/usr/bin/ktraderclient5;/usr/bin/plasma-open-settings,not_run,,
283,1447,console-setup,1.221,,not registered,missing_package,0,2,0,0,/bin/setupcon;/usr/bin/ckbcomp,not_run,,
284,1452,system-config-printer,1.5.18-1,,not registered,missing_package,0,3,0,0,/usr/bin/install-printerdriver;/usr/bin/system-config-printer;/usr/bin/system-config-printer-applet,not_run,,
285,1456,mariadb-client-core,1:10.11.18-0+deb12u1,1:10.11.18-0+deb12u1,install ok installed,passed,4,4,1,1,/usr/bin/mariadb;/usr/bin/mariadb-check;/usr/bin/mysql,passed,,
286,1457,mdadm,4.2-5,,not registered,missing_package,0,2,0,0,/sbin/mdadm;/sbin/mdmon,not_run,,
287,1460,plasma-browser-integration,5.27.5-2,,not registered,missing_package,0,1,0,0,/usr/bin/plasma-browser-integration-host,not_run,,
288,1469,powermgmt-base,1.37,,not registered,missing_package,0,3,0,0,/sbin/on_ac_power;/usr/bin/lspower;/usr/bin/on_ac_power,not_run,,
289,1477,gnome-calendar,43.1-2,,not registered,missing_package,0,1,0,0,/usr/bin/gnome-calendar,not_run,,
290,1479,postgresql-common,248+deb12u1,,not registered,missing_package,0,14,0,0,/usr/bin/pg_archivecleanup;/usr/bin/pg_backupcluster;/usr/bin/pg_buildext;/usr/bin/pg_config;/usr/bin/pg_conftool;/usr/bin/pg_createcluster;/usr/bin/pg_ctlcluster;/usr/bin/pg_dropcluster;/usr/bin/pg_lsclusters;/usr/bin/pg_renamecluster;/usr/bin/pg_restorecluster;/usr/bin/pg_upgradecluster;/usr/bin/pg_virtualenv;/usr/sbin/pg_updatedicts,not_run,,
291,1483,mariadb-client,1:10.11.18-0+deb12u1,1:10.11.18-0+deb12u1,install ok installed,passed,44,44,3,3,/usr/bin/innotop;/usr/bin/mariadb-access;/usr/bin/mariadb-admin;/usr/bin/mariadb-analyze;/usr/bin/mariadb-binlog;/usr/bin/mariadb-conv;/usr/bin/mariadb-convert-table-format;/usr/bin/mariadb-dump;/usr/bin/mariadb-find-rows;/usr/bin/mariadb-fix-extensions;/usr/bin/mariadb-hotcopy;/usr/bin/mariadb-import;/usr/bin/mariadb-optimize;/usr/bin/mariadb-plugin;/usr/bin/mariadb-repair;/usr/bin/mariadb-report;/usr/bin/mariadb-secure-installation;/usr/bin/mariadb-setpermission;/usr/bin/mariadb-show;/usr/bin/mariadb-slap;/usr/bin/mariadb-waitpid;/usr/bin/mariadbcheck;/usr/bin/msql2mysql;/usr/bin/mysql_find_rows;/usr/bin/mysql_fix_extensions;/usr/bin/mysql_waitpid;/usr/bin/mysqlaccess;/usr/bin/mysqladmin;/usr/bin/mysqlanalyze;/usr/bin/mysqlcheck;/usr/bin/mysqldump;/usr/bin/mysqlimport;/usr/bin/mysqloptimize;/usr/bin/mysqlrepair;/usr/bin/mysqlreport;/usr/bin/mysqlshow;/usr/bin/mysqlslap;/usr/bin/mytop;/usr/bin/perror;/usr/bin/replace;/usr/bin/resolve_stack_dump,nonzero_exit,,
292,1484,kscreen,4:5.27.5-2,,not registered,missing_package,0,1,0,0,/usr/bin/kscreen-console,not_run,,
293,1489,seahorse,43.0-1,,not registered,missing_package,0,1,0,0,/usr/bin/seahorse,not_run,,
294,1495,evince,43.1-2+deb12u1,,not registered,missing_package,0,3,0,0,/usr/bin/evince;/usr/bin/evince-previewer;/usr/bin/evince-thumbnailer,not_run,,
295,1505,uuid-runtime,2.38.1-5+deb12u3,2.38.1-5+deb12u3,provided by kinakaze-base,passed,3,3,2,2,/usr/sbin/uuidd,passed,,
296,1506,gnome-clocks,43.0-1,,not registered,missing_package,0,1,0,0,/usr/bin/gnome-clocks,not_run,,
297,1508,mariadb-server,1:10.11.18-0+deb12u1,1:10.11.18-0+deb12u1,install ok installed,passed,31,31,1,1,/usr/bin/aria_chk;/usr/bin/aria_dump_log;/usr/bin/aria_ftdump;/usr/bin/aria_pack;/usr/bin/aria_read_log;/usr/bin/galera_new_cluster;/usr/bin/galera_recovery;/usr/bin/mariadb-service-convert;/usr/bin/mariadbd-multi;/usr/bin/mariadbd-safe;/usr/bin/mariadbd-safe-helper;/usr/bin/myisam_ftdump;/usr/bin/myisamchk;/usr/bin/myisamlog;/usr/bin/myisampack;/usr/bin/mysql_convert_table_format;/usr/bin/mysql_plugin;/usr/bin/mysql_secure_installation;/usr/bin/mysql_setpermission;/usr/bin/mysqlbinlog;/usr/bin/mysqld_multi;/usr/bin/mysqld_safe;/usr/bin/mysqld_safe_helper;/usr/bin/mysqlhotcopy;/usr/bin/wsrep_sst_backup;/usr/bin/wsrep_sst_common;/usr/bin/wsrep_sst_mariabackup;/usr/bin/wsrep_sst_mysqldump;/usr/bin/wsrep_sst_rsync;/usr/bin/wsrep_sst_rsync_wan,passed,,
298,1513,plasma-discover,5.27.5-2+deb12u1,,not registered,missing_package,0,2,0,0,/usr/bin/plasma-discover;/usr/bin/plasma-discover-update,not_run,,
299,1514,systemsettings,4:5.27.5-2,,not registered,missing_package,0,2,0,0,/usr/bin/systemsettings;/usr/bin/systemsettings5,not_run,,
300,1515,zenity,3.44.0-1,,not registered,missing_package,0,2,0,0,/usr/bin/gdialog;/usr/bin/zenity,not_run,,
301,1519,bluedevil,4:5.27.5-2,,not registered,missing_package,0,2,0,0,/usr/bin/bluedevil-sendfile;/usr/bin/bluedevil-wizard,not_run,,
302,1521,systemd-container,252.39-1~deb12u2,,not registered,missing_package,0,4,0,0,/bin/machinectl;/bin/portablectl;/usr/bin/systemd-dissect;/usr/bin/systemd-nspawn,not_run,,
303,1531,locales,2.36-9+deb12u14,2.36-9+deb12u14,provided by kinakaze-base,passed,3,3,1,1,/usr/sbin/locale-gen;/usr/sbin/update-locale,passed,,
304,1533,usb-modeswitch,2.6.1-3+b1,,not registered,missing_package,0,2,0,0,/usr/sbin/usb_modeswitch;/usr/sbin/usb_modeswitch_dispatcher,not_run,,
305,1538,jq,1.6-2.1+deb12u2,1.6-2.1+deb12u2,install ok installed,passed,1,1,1,1,,passed,,
306,1540,dkms,3.0.10-8+deb12u1,,not registered,missing_package,0,1,0,0,/usr/sbin/dkms,not_run,,
307,1545,cryfs,0.11.3-5,,not registered,missing_package,0,2,0,0,/usr/bin/cryfs;/usr/bin/cryfs-unmount,not_run,,
308,1553,fdisk,2.38.1-5+deb12u3,2.38.1-5+deb12u3,provided by kinakaze-base,passed,3,3,2,2,/sbin/cfdisk,passed,,
309,1555,winbind,2:4.17.12+dfsg-0+deb12u4,,not registered,missing_package,0,3,0,0,/usr/bin/ntlm_auth;/usr/bin/wbinfo;/usr/sbin/winbindd,not_run,,
310,1557,perl-openssl-defaults,7+b1,7+b1,install ok installed,not_tested,1,1,0,0,/usr/bin/dh_perl_openssl,nonzero_exit,,
311,1561,python3-numpy,1:1.24.2-1+deb12u1,,not registered,missing_package,0,4,0,0,/usr/bin/dh_numpy3;/usr/bin/f2py;/usr/bin/f2py3;/usr/bin/f2py3.11,not_run,,
312,1562,gnome-characters,43.1-1+deb12u1,,not registered,missing_package,0,1,0,0,/usr/bin/gnome-characters,not_run,,
313,1565,ruby,1:3.1,1:3.1,install ok installed,passed,5,5,1,1,/usr/bin/erb;/usr/bin/irb;/usr/bin/rdoc;/usr/bin/ri,nonzero_exit,,
314,1569,pcscd,1.9.9-2,,not registered,missing_package,0,1,0,0,/usr/sbin/pcscd,not_run,,
315,1579,kup-backup,0.9.1-1+b3,,not registered,missing_package,0,3,0,0,/usr/bin/kup-daemon;/usr/bin/kup-filedigger;/usr/bin/kup-purger,not_run,,
316,1580,print-manager,4:22.12.3-1,,not registered,missing_package,0,3,0,0,/usr/bin/configure-printer;/usr/bin/kde-add-printer;/usr/bin/kde-print-queue,not_run,,
317,1581,os-prober,1.81,,not registered,missing_package,0,2,0,0,/usr/bin/linux-boot-prober;/usr/bin/os-prober,not_run,,
318,1589,at,3.2.5-1+b1,,not registered,missing_package,0,5,0,0,/usr/bin/at;/usr/bin/atq;/usr/bin/atrm;/usr/bin/batch;/usr/sbin/atd,not_run,,
319,1590,file-roller,43.0-1,,not registered,missing_package,0,1,0,0,/usr/bin/file-roller,not_run,,
320,1596,exo-utils,4.18.0-1,,not registered,missing_package,0,2,0,0,/usr/bin/exo-desktop-item-edit;/usr/bin/exo-open,not_run,,
321,1600,certbot,2.1.0-4,,not registered,missing_package,0,2,0,0,/usr/bin/certbot;/usr/bin/letsencrypt,not_run,,
322,1605,htop,3.2.2-2,,not registered,missing_package,0,1,0,0,/usr/bin/htop,not_run,,
323,1625,dolphin,4:22.12.3-1,,not registered,missing_package,0,2,0,0,/usr/bin/dolphin;/usr/bin/servicemenuinstaller,not_run,,
324,1633,mokutil,0.6.0-2,,not registered,missing_package,0,1,0,0,/usr/bin/mokutil,not_run,,
325,1634,traceroute,1:2.1.2-1,1:2.1.2-1,provided by kinakaze-base,not_tested,6,6,0,0,/usr/bin/lft.db;/usr/bin/traceproto.db;/usr/bin/traceroute-nanog;/usr/bin/traceroute.db;/usr/bin/traceroute6.db;/usr/sbin/tcptraceroute.db,passed,,
326,1635,thunar,4.18.4-1,,not registered,missing_package,0,3,0,0,/usr/bin/Thunar;/usr/bin/thunar;/usr/bin/thunar-settings,not_run,,
327,1643,blueman,2.3.5-2+b1,,not registered,missing_package,0,6,0,0,/usr/bin/blueman-adapters;/usr/bin/blueman-applet;/usr/bin/blueman-manager;/usr/bin/blueman-sendto;/usr/bin/blueman-services;/usr/bin/blueman-tray,not_run,,
328,1662,xfwm4,4.18.0-1,,not registered,missing_package,0,4,0,0,/usr/bin/xfwm4;/usr/bin/xfwm4-settings;/usr/bin/xfwm4-tweaks-settings;/usr/bin/xfwm4-workspace-settings,not_run,,
329,1664,libperl5.36,5.36.0-7+deb12u3,5.36.0-7+deb12u3,provided by kinakaze-base,passed,2,2,1,1,/usr/bin/cpan5.36-x86_64-linux-gnu,nonzero_exit,,
330,1674,python3-chardet,5.1.0+dfsg-2,5.1.0+dfsg-2,provided by kinakaze-base,passed,2,2,2,2,,passed,,
331,1680,squashfs-tools,1:4.5.1-1,,not registered,missing_package,0,4,0,0,/usr/bin/mksquashfs;/usr/bin/sqfscat;/usr/bin/sqfstar;/usr/bin/unsquashfs,not_run,,
332,1693,laptop-detect,0.16,0.16,provided by kinakaze-base,not_tested,1,1,0,0,/usr/bin/laptop-detect,nonzero_exit,,
333,1698,ppp,2.4.9-1+1.1+b1,,not registered,missing_package,0,8,0,0,/usr/bin/plog;/usr/bin/poff;/usr/bin/pon;/usr/sbin/chat;/usr/sbin/pppd;/usr/sbin/pppdump;/usr/sbin/pppoe-discovery;/usr/sbin/pppstats,not_run,,
334,1699,xfce4-notifyd,0.7.3-1,,not registered,missing_package,0,1,0,0,/usr/bin/xfce4-notifyd-config,not_run,,
335,1707,light-locker,1.8.0-3,,not registered,missing_package,0,2,0,0,/usr/bin/light-locker;/usr/bin/light-locker-command,not_run,,
336,1709,sane-utils,1.2.1-2,,not registered,missing_package,0,5,0,0,/usr/bin/gamma4scanimage;/usr/bin/sane-find-scanner;/usr/bin/scanimage;/usr/bin/umax_pp;/usr/sbin/saned,not_run,,
337,1735,xfce4-settings,4.18.2-1,,not registered,missing_package,0,12,0,0,/usr/bin/xfce4-accessibility-settings;/usr/bin/xfce4-appearance-settings;/usr/bin/xfce4-color-settings;/usr/bin/xfce4-display-settings;/usr/bin/xfce4-find-cursor;/usr/bin/xfce4-keyboard-settings;/usr/bin/xfce4-mime-helper;/usr/bin/xfce4-mime-settings;/usr/bin/xfce4-mouse-settings;/usr/bin/xfce4-settings-editor;/usr/bin/xfce4-settings-manager;/usr/bin/xfsettingsd,not_run,,
338,1738,konsole,4:22.12.3-1+deb12u1,,not registered,missing_package,0,2,0,0,/usr/bin/konsole;/usr/bin/konsoleprofile,not_run,,
339,1747,xiccd,0.3.0-2,,not registered,missing_package,0,1,0,0,/usr/bin/xiccd,not_run,,
340,1771,libvirt-daemon,9.0.0-4+deb12u2,,not registered,missing_package,0,4,0,0,/usr/bin/virt-ssh-helper;/usr/sbin/libvirtd;/usr/sbin/virtlockd;/usr/sbin/virtlogd,not_run,,
341,1788,fprintd,1.94.2-2,,not registered,missing_package,0,4,0,0,/usr/bin/fprintd-delete;/usr/bin/fprintd-enroll;/usr/bin/fprintd-list;/usr/bin/fprintd-verify,not_run,,
342,1794,needrestart,3.6-4+deb12u3,,not registered,missing_package,0,1,0,0,/usr/sbin/needrestart,not_run,,
343,1795,xfce4-session,4.18.1-1,,not registered,missing_package,0,5,0,0,/usr/bin/startxfce4;/usr/bin/xfce4-session;/usr/bin/xfce4-session-logout;/usr/bin/xfce4-session-settings;/usr/bin/xflock4,not_run,,
344,1796,rake,13.0.6-3,13.0.6-3,install ok installed,passed,1,1,1,1,,passed,,
345,1801,g++,4:12.2.0-3,4:12.2.0-3,install ok installed,passed,2,2,1,1,/usr/bin/x86_64-linux-gnu-g++,passed,,
346,1803,nodejs,18.20.4+dfsg-1~deb12u2,18.20.4+dfsg-1~deb12u2,install ok installed,passed,2,2,2,2,,passed,,
347,1804,open-iscsi,2.1.8-1,,not registered,missing_package,0,6,0,0,/sbin/iscsi-iname;/sbin/iscsi_discovery;/sbin/iscsiadm;/sbin/iscsid;/sbin/iscsistart;/usr/bin/iscsiadm,not_run,,
348,1812,xfce4-panel,4.18.2-1,,not registered,missing_package,0,4,0,0,/usr/bin/xfce4-panel;/usr/bin/xfce4-popup-applicationsmenu;/usr/bin/xfce4-popup-directorymenu;/usr/bin/xfce4-popup-windowmenu,not_run,,
349,1815,vim-tiny,2:9.0.1378-2+deb12u2,2:9.0.1378-2+deb12u2,provided by kinakaze-base,passed,1,1,1,1,,passed,,
350,1821,xfdesktop4,4.18.1-1,,not registered,missing_package,0,2,0,0,/usr/bin/xfdesktop;/usr/bin/xfdesktop-settings,not_run,,
351,1827,snapd,2.57.6-1+deb12u1+b2,,not registered,missing_package,0,3,0,0,/usr/bin/snap;/usr/bin/snapctl;/usr/bin/ubuntu-core-launcher,not_run,,
352,1830,libxml2-utils,2.9.14+dfsg-1.3~deb12u6,2.9.14+dfsg-1.3~deb12u6,install ok installed,passed,2,2,1,1,/usr/bin/xmlcatalog,nonzero_exit,,
353,1845,xfce4-power-manager,4.18.1-1,,not registered,missing_package,0,4,0,0,/usr/bin/xfce4-power-manager;/usr/bin/xfce4-power-manager-settings;/usr/sbin/xfce4-pm-helper;/usr/sbin/xfpm-power-backlight-helper,not_run,,
354,1851,polkitd-pkla,122-3,,not registered,missing_package,0,2,0,0,/usr/sbin/pkla-admin-identities;/usr/sbin/pkla-check-authorization,not_run,,
355,1864,libkf5service-bin,5.103.0-1,,not registered,missing_package,0,1,0,0,/usr/bin/kbuildsycoca5,not_run,,
356,1875,mdevctl,1.2.0-3+b1,,not registered,missing_package,0,2,0,0,/usr/bin/lsmdev;/usr/bin/mdevctl,not_run,,
357,1880,software-properties-common,0.99.30-4.1~deb12u1,,not registered,missing_package,0,2,0,0,/usr/bin/add-apt-repository;/usr/bin/apt-add-repository,not_run,,
358,1882,netcat-traditional,1.10-47,1.10-47,provided by kinakaze-base,passed,1,1,1,1,,nonzero_exit,,
359,1884,libkf5configwidgets-data,5.103.0-1,,not registered,missing_package,0,1,0,0,/usr/bin/preparetips5,not_run,,
360,1889,ntpsec,1.2.2+dfsg1-1+deb12u1,,not registered,missing_package,0,8,0,0,/usr/bin/ntpmon;/usr/bin/ntpq;/usr/bin/ntptrace;/usr/sbin/ntpd;/usr/sbin/ntpkeygen;/usr/sbin/ntpleapfetch;/usr/sbin/ntptime;/usr/sbin/ntpwait,not_run,,
361,1907,java-common,0.74,,not registered,missing_package,0,1,0,0,/usr/sbin/update-java-alternatives,not_run,,
362,1908,chrony,4.3-2+deb12u3,,not registered,missing_package,0,2,0,0,/usr/bin/chronyc;/usr/sbin/chronyd,not_run,,
363,1909,runc,1.1.5+ds1-1+deb12u1,,not registered,missing_package,0,2,0,0,/usr/bin/runc;/usr/sbin/runc,not_run,,
364,1910,libgdk-pixbuf2.0-bin,2.42.10+dfsg-1+deb12u4,,not registered,missing_package,0,3,0,0,/usr/bin/gdk-pixbuf-csource;/usr/bin/gdk-pixbuf-pixdata;/usr/bin/gdk-pixbuf-thumbnailer,not_run,,
365,1929,containerd,1.6.20~ds1-1+deb12u3,,not registered,missing_package,0,5,0,0,/usr/bin/containerd;/usr/bin/containerd-shim;/usr/bin/containerd-shim-runc-v1;/usr/bin/containerd-shim-runc-v2;/usr/bin/ctr,not_run,,
366,1930,acpid,1:2.0.33-2+b1,,not registered,missing_package,0,2,0,0,/usr/bin/acpi_listen;/usr/sbin/acpid,not_run,,
367,1933,btrfs-progs,6.2-1+deb12u2,,not registered,missing_package,0,10,0,0,/bin/btrfs;/bin/btrfs-convert;/bin/btrfs-find-root;/bin/btrfs-image;/bin/btrfs-map-logical;/bin/btrfs-select-super;/bin/btrfsck;/bin/btrfstune;/sbin/fsck.btrfs;/sbin/mkfs.btrfs,not_run,,
368,1941,mesa-utils,8.5.0-1,,not registered,missing_package,0,9,0,0,/usr/bin/eglinfo;/usr/bin/es2_info;/usr/bin/es2gears_wayland;/usr/bin/es2gears_x11;/usr/bin/es2tri;/usr/bin/glxdemo;/usr/bin/glxgears;/usr/bin/glxheads;/usr/bin/glxinfo,not_run,,
369,1942,gnome-text-editor,43.2-1,,not registered,missing_package,0,2,0,0,/usr/bin/gnome-text-editor;/usr/bin/gted,not_run,,
370,1943,qemu-system-x86,1:7.2+dfsg-7+deb12u18+b3,,not registered,missing_package,0,4,0,0,/usr/bin/kvm;/usr/bin/qemu-system-i386;/usr/bin/qemu-system-x86_64;/usr/bin/qemu-system-x86_64-microvm,not_run,,
371,1952,plasma-welcome,5.27.5-2,,not registered,missing_package,0,1,0,0,/usr/bin/plasma-welcome,not_run,,
372,1953,gnome-calculator,1:43.0.1-2,,not registered,missing_package,0,2,0,0,/usr/bin/gcalccmd;/usr/bin/gnome-calculator,not_run,,
373,1954,screen,4.9.0-4,,not registered,missing_package,0,1,0,0,/usr/bin/screen,not_run,,
374,1955,ffmpeg,7:5.1.9-0+deb12u1,7:5.1.9-0+deb12u1,install ok installed,passed,4,4,1,1,/usr/bin/ffplay;/usr/bin/ffprobe;/usr/bin/qt-faststart,passed,,
375,1957,akonadi-server,4:22.12.3-1,,not registered,missing_package,0,7,0,0,/usr/bin/akonadi_agent_launcher;/usr/bin/akonadi_agent_server;/usr/bin/akonadi_control;/usr/bin/akonadi_rds;/usr/bin/akonadictl;/usr/bin/akonadiselftest;/usr/bin/akonadiserver,not_run,,
376,1959,docker.io,20.10.24+dfsg1-1+deb12u1+b6,,not registered,missing_package,0,6,0,0,/usr/bin/dnet;/usr/bin/docker;/usr/bin/docker-init;/usr/sbin/docker-proxy;/usr/sbin/dockerd;/usr/sbin/ovrouter,not_run,,
377,1968,plocate,1.1.18-1,,not registered,missing_package,0,3,0,0,/usr/bin/plocate;/usr/sbin/plocate-build;/usr/sbin/updatedb.plocate,not_run,,
378,1979,libxml-sax-perl,1.02+dfsg-3,,not registered,missing_package,0,1,0,0,/usr/bin/update-perl-sax-parsers,not_run,,
379,1980,gettext,0.21-12,,not registered,missing_package,0,17,0,0,/usr/bin/gettextize;/usr/bin/msgattrib;/usr/bin/msgcat;/usr/bin/msgcmp;/usr/bin/msgcomm;/usr/bin/msgconv;/usr/bin/msgen;/usr/bin/msgexec;/usr/bin/msgfilter;/usr/bin/msgfmt;/usr/bin/msggrep;/usr/bin/msginit;/usr/bin/msgmerge;/usr/bin/msgunfmt;/usr/bin/msguniq;/usr/bin/recode-sr-latin;/usr/bin/xgettext,not_run,,
380,1981,mesa-utils-bin,8.5.0-1,,not registered,missing_package,0,9,0,0,/usr/bin/eglinfo.x86_64-linux-gnu;/usr/bin/es2_info.x86_64-linux-gnu;/usr/bin/es2gears_wayland.x86_64-linux-gnu;/usr/bin/es2gears_x11.x86_64-linux-gnu;/usr/bin/es2tri.x86_64-linux-gnu;/usr/bin/glxdemo.x86_64-linux-gnu;/usr/bin/glxgears.x86_64-linux-gnu;/usr/bin/glxheads.x86_64-linux-gnu;/usr/bin/glxinfo.x86_64-linux-gnu,not_run,,
381,1982,ispell,3.4.05-1,,not registered,missing_package,0,9,0,0,/usr/bin/buildhash;/usr/bin/defmt-c;/usr/bin/defmt-sh;/usr/bin/findaffix;/usr/bin/icombine;/usr/bin/ijoin;/usr/bin/ispell;/usr/bin/munchlist;/usr/bin/tryaffix,not_run,,
382,1990,zip,3.0-13,3.0-13+deb12u1,provided by kinakaze-base,passed,4,4,3,3,/usr/bin/zipcloak,passed,,
383,1993,graphviz,2.42.2-7+deb12u1,,not registered,missing_package,0,41,0,0,/usr/bin/acyclic;/usr/bin/bcomps;/usr/bin/ccomps;/usr/bin/circo;/usr/bin/cluster;/usr/bin/diffimg;/usr/bin/dijkstra;/usr/bin/dot;/usr/bin/dot2gxl;/usr/bin/dot_builtins;/usr/bin/dotty;/usr/bin/edgepaint;/usr/bin/fdp;/usr/bin/gc;/usr/bin/gml2gv;/usr/bin/graphml2gv;/usr/bin/gv2gml;/usr/bin/gv2gxl;/usr/bin/gvcolor;/usr/bin/gvgen;/usr/bin/gvmap;/usr/bin/gvmap.sh;/usr/bin/gvpack;/usr/bin/gvpr;/usr/bin/gxl2dot;/usr/bin/gxl2gv;/usr/bin/lefty;/usr/bin/lneato;/usr/bin/mingle;/usr/bin/mm2gv;/usr/bin/neato;/usr/bin/nop;/usr/bin/osage;/usr/bin/patchwork;/usr/bin/prune;/usr/bin/sccmap;/usr/bin/sfdp;/usr/bin/tred;/usr/bin/twopi;/usr/bin/unflatten;/usr/bin/vimdot,not_run,,
384,1994,nfs-kernel-server,1:2.6.2-4+deb12u1,,not registered,missing_package,0,7,0,0,/sbin/nfsdcltrack;/usr/sbin/exportfs;/usr/sbin/nfsdcld;/usr/sbin/nfsdclddb;/usr/sbin/nfsdclnts;/usr/sbin/rpc.mountd;/usr/sbin/rpc.nfsd,not_run,,
385,1995,kdepim-runtime,4:22.12.3-1,,not registered,missing_package,0,24,0,0,/usr/bin/akonadi_akonotes_resource;/usr/bin/akonadi_birthdays_resource;/usr/bin/akonadi_contacts_resource;/usr/bin/akonadi_davgroupware_resource;/usr/bin/akonadi_ews_resource;/usr/bin/akonadi_ewsmta_resource;/usr/bin/akonadi_google_resource;/usr/bin/akonadi_ical_resource;/usr/bin/akonadi_icaldir_resource;/usr/bin/akonadi_imap_resource;/usr/bin/akonadi_kolab_resource;/usr/bin/akonadi_maildir_resource;/usr/bin/akonadi_maildispatcher_agent;/usr/bin/akonadi_mbox_resource;/usr/bin/akonadi_migration_agent;/usr/bin/akonadi_mixedmaildir_resource;/usr/bin/akonadi_newmailnotifier_agent;/usr/bin/akonadi_notes_resource;/usr/bin/akonadi_openxchange_resource;/usr/bin/akonadi_pop3_resource;/usr/bin/akonadi_tomboynotes_resource;/usr/bin/akonadi_vcard_resource;/usr/bin/akonadi_vcarddir_resource;/usr/bin/gidmigrator,not_run,,
386,2000,python3-debianbts,4.0.1,4.0.1,provided by kinakaze-base,not_tested,1,1,0,0,/usr/bin/debianbts,passed,,
387,2003,kinfocenter,4:5.27.5-2,,not registered,missing_package,0,1,0,0,/usr/bin/kinfocenter,not_run,,
388,2012,vlc-bin,3.0.23-0+deb12u1,,not registered,missing_package,0,5,0,0,/usr/bin/cvlc;/usr/bin/nvlc;/usr/bin/rvlc;/usr/bin/vlc;/usr/bin/vlc-wrapper,not_run,,
389,2021,inetutils-telnet,2:2.4-2+deb12u3,2:2.4-2+deb12u3,provided by kinakaze-base,not_tested,1,1,0,0,/usr/bin/inetutils-telnet,passed,,
390,2022,llvm-19-runtime,1:19.1.7-3~deb12u1,,not registered,missing_package,0,2,0,0,/usr/bin/lli-19;/usr/bin/lli-child-target-19,not_run,,
391,2029,bridge-utils,1.7.1-1,,not registered,missing_package,0,1,0,0,/sbin/brctl,not_run,,
392,2030,thin-provisioning-tools,0.9.0-2,,not registered,missing_package,0,20,0,0,/usr/sbin/cache_check;/usr/sbin/cache_dump;/usr/sbin/cache_metadata_size;/usr/sbin/cache_repair;/usr/sbin/cache_restore;/usr/sbin/cache_writeback;/usr/sbin/era_check;/usr/sbin/era_dump;/usr/sbin/era_invalidate;/usr/sbin/era_restore;/usr/sbin/pdata_tools;/usr/sbin/thin_check;/usr/sbin/thin_delta;/usr/sbin/thin_dump;/usr/sbin/thin_ls;/usr/sbin/thin_metadata_size;/usr/sbin/thin_repair;/usr/sbin/thin_restore;/usr/sbin/thin_rmap;/usr/sbin/thin_trim,not_run,,
393,2033,snmpd,5.9.3+dfsg-2+deb12u1,,not registered,missing_package,0,2,0,0,/usr/bin/net-snmp-create-v3-user;/usr/sbin/snmpd,not_run,,
394,2036,gnutls-bin,3.7.9-2+deb12u7,,not registered,missing_package,0,9,0,0,/usr/bin/certtool;/usr/bin/danetool;/usr/bin/gnutls-cli;/usr/bin/gnutls-cli-debug;/usr/bin/gnutls-serv;/usr/bin/ocsptool;/usr/bin/p11tool;/usr/bin/psktool;/usr/bin/srptool,not_run,,
395,2038,kded5,5.103.0-1,,not registered,missing_package,0,1,0,0,/usr/bin/kded5,not_run,,
396,2040,bsd-mailx,8.1.2-0.20220412cvs-1,8.1.2-0.20220412cvs-1,provided by kinakaze-base,not_tested,1,1,0,0,/usr/bin/bsd-mailx,nonzero_exit,,
397,2041,libvirt-clients,9.0.0-4+deb12u2,,not registered,missing_package,0,6,0,0,/usr/bin/virsh;/usr/bin/virt-admin;/usr/bin/virt-host-validate;/usr/bin/virt-pki-query-dn;/usr/bin/virt-pki-validate;/usr/bin/virt-xml-validate,not_run,,
398,2043,locate,4.9.0-4,,not registered,missing_package,0,2,0,0,/usr/bin/locate.findutils;/usr/bin/updatedb.findutils,not_run,,
399,2051,kmail,4:22.12.3-1,,not registered,missing_package,0,9,0,0,/usr/bin/akonadi_archivemail_agent;/usr/bin/akonadi_followupreminder_agent;/usr/bin/akonadi_mailfilter_agent;/usr/bin/akonadi_mailmerge_agent;/usr/bin/akonadi_sendlater_agent;/usr/bin/akonadi_unifiedmailbox_agent;/usr/bin/kmail;/usr/bin/kmail-refresh-settings;/usr/bin/ktnef,not_run,,
400,2072,libvirt-daemon-driver-qemu,9.0.0-4+deb12u2,,not registered,missing_package,0,1,0,0,/usr/bin/virt-qemu-run,not_run,,
401,2073,okular,4:22.12.3-1+deb12u1,,not registered,missing_package,0,1,0,0,/usr/bin/okular,not_run,,
402,2074,xfsprogs,6.1.0-1,,not registered,missing_package,0,23,0,0,/sbin/fsck.xfs;/sbin/mkfs.xfs;/sbin/xfs_repair;/usr/sbin/xfs_admin;/usr/sbin/xfs_bmap;/usr/sbin/xfs_copy;/usr/sbin/xfs_db;/usr/sbin/xfs_estimate;/usr/sbin/xfs_freeze;/usr/sbin/xfs_fsr;/usr/sbin/xfs_growfs;/usr/sbin/xfs_info;/usr/sbin/xfs_io;/usr/sbin/xfs_logprint;/usr/sbin/xfs_mdrestore;/usr/sbin/xfs_metadump;/usr/sbin/xfs_mkfile;/usr/sbin/xfs_ncheck;/usr/sbin/xfs_quota;/usr/sbin/xfs_rtcp;/usr/sbin/xfs_scrub;/usr/sbin/xfs_scrub_all;/usr/sbin/xfs_spaceman,not_run,,
403,2075,zabbix-agent,1:6.0.14+dfsg-1+b1,,not registered,missing_package,0,2,0,0,/usr/bin/zabbix_sender;/usr/sbin/zabbix_agentd,not_run,,
404,2079,pahole,1.24-4.1,,not registered,missing_package,0,12,0,0,/usr/bin/btfdiff;/usr/bin/codiff;/usr/bin/ctracer;/usr/bin/dtagnames;/usr/bin/fullcircle;/usr/bin/pahole;/usr/bin/pdwtags;/usr/bin/pfunct;/usr/bin/pglobal;/usr/bin/prefcnt;/usr/bin/scncopy;/usr/bin/syscse,not_run,,
405,2082,libkf5wallet-bin,5.103.0-1,,not registered,missing_package,0,2,0,0,/usr/bin/kwallet-query;/usr/bin/kwalletd5,not_run,,
406,2088,redis-tools,5:7.0.15-1~deb12u7,,not registered,passed,4,4,1,1,/usr/bin/redis-benchmark;/usr/bin/redis-check-aof;/usr/bin/redis-check-rdb,passed,,
407,2089,kio,5.103.0-1+deb12u1,,not registered,missing_package,0,4,0,0,/usr/bin/kcookiejar5;/usr/bin/ktelnetservice5;/usr/bin/ktrash5;/usr/bin/protocoltojson,not_run,,
408,2091,xfce4-terminal,1.0.4-1,,not registered,missing_package,0,2,0,0,/usr/bin/xfce4-terminal;/usr/bin/xfce4-terminal.wrapper,not_run,,
409,2092,kate,4:22.12.3-1,,not registered,missing_package,0,1,0,0,/usr/bin/kate,not_run,,
410,2100,mc,3:4.8.29-2,,not registered,missing_package,0,4,0,0,/usr/bin/mc;/usr/bin/mcdiff;/usr/bin/mcedit;/usr/bin/mcview,not_run,,
411,2101,gwenview,4:22.12.3-1,,not registered,missing_package,0,2,0,0,/usr/bin/gwenview;/usr/bin/gwenview_importer,not_run,,
412,2103,python3-argcomplete,2.0.0-1,,not registered,missing_package,0,4,0,0,/usr/bin/activate-global-python-argcomplete;/usr/bin/python-argcomplete-check-easy-install-script;/usr/bin/python-argcomplete-tcsh;/usr/bin/register-python-argcomplete,not_run,,
413,2104,gnupg-utils,2.2.40-1.1+deb12u2,,not registered,missing_package,0,11,0,0,/usr/bin/gpg-zip;/usr/bin/gpgcompose;/usr/bin/gpgparsemail;/usr/bin/gpgsplit;/usr/bin/gpgtar;/usr/bin/kbxutil;/usr/bin/lspgpot;/usr/bin/migrate-pubring-from-classic-gpg;/usr/bin/watchgnupg;/usr/sbin/addgnupghome;/usr/sbin/applygnupgdefaults,not_run,,
414,2107,thunderbird,1:140.12.0esr-1~deb12u1,,not registered,missing_package,0,1,0,0,/usr/bin/thunderbird,not_run,,
415,2112,shim-signed-common,1.51~1+deb12u1+16.1-2~deb12u1,,not registered,missing_package,0,1,0,0,/usr/sbin/update-secureboot-policy,not_run,,
416,2127,totem,43.0-2,,not registered,missing_package,0,2,0,0,/usr/bin/totem;/usr/bin/totem-video-thumbnailer,not_run,,
417,2133,iw,5.19-1,,not registered,missing_package,0,1,0,0,/sbin/iw,not_run,,
418,2135,gcc-12,12.2.0-14+deb12u1,12.2.0-14+deb12u1,install ok installed,passed,16,16,1,1,/usr/bin/gcc-ar-12;/usr/bin/gcc-nm-12;/usr/bin/gcc-ranlib-12;/usr/bin/gcov-12;/usr/bin/gcov-dump-12;/usr/bin/gcov-tool-12;/usr/bin/lto-dump-12;/usr/bin/x86_64-linux-gnu-gcc-12;/usr/bin/x86_64-linux-gnu-gcc-ar-12;/usr/bin/x86_64-linux-gnu-gcc-nm-12;/usr/bin/x86_64-linux-gnu-gcc-ranlib-12;/usr/bin/x86_64-linux-gnu-gcov-12;/usr/bin/x86_64-linux-gnu-gcov-dump-12;/usr/bin/x86_64-linux-gnu-gcov-tool-12;/usr/bin/x86_64-linux-gnu-lto-dump-12,passed,,
419,2140,zsh,5.9-4+b15,,not registered,missing_package,0,3,0,0,/bin/rzsh;/bin/zsh;/bin/zsh5,not_run,,
420,2143,dbus-x11,1.14.10-1~deb12u1,,not registered,missing_package,0,1,0,0,/usr/bin/dbus-launch,not_run,,
421,2148,binfmt-support,2.2.2-2,,not registered,missing_package,0,1,0,0,/usr/sbin/update-binfmts,not_run,,
422,2154,python3-pip,23.0.1+dfsg-1,,not registered,missing_package,0,3,0,0,/usr/bin/pip;/usr/bin/pip3;/usr/bin/pip3.11,not_run,,
423,2161,opensc,0.23.0-0.3+deb12u2,,not registered,missing_package,0,22,0,0,/usr/bin/cardos-tool;/usr/bin/cryptoflex-tool;/usr/bin/dnie-tool;/usr/bin/egk-tool;/usr/bin/eidenv;/usr/bin/gids-tool;/usr/bin/goid-tool;/usr/bin/iasecc-tool;/usr/bin/netkey-tool;/usr/bin/openpgp-tool;/usr/bin/opensc-asn1;/usr/bin/opensc-explorer;/usr/bin/opensc-notify;/usr/bin/opensc-tool;/usr/bin/piv-tool;/usr/bin/pkcs11-register;/usr/bin/pkcs11-tool;/usr/bin/pkcs15-crypt;/usr/bin/pkcs15-init;/usr/bin/pkcs15-tool;/usr/bin/sc-hsm-tool;/usr/bin/westcos-tool,not_run,,
424,2170,thunar-volman,4.18.0-1,,not registered,missing_package,0,2,0,0,/usr/bin/thunar-volman;/usr/bin/thunar-volman-settings,not_run,,
425,2176,tasksel,3.73,3.73,provided by kinakaze-base,passed,1,1,1,1,,nonzero_exit,,
426,2177,bash-completion,1:2.11-6,1:2.11-6,provided by kinakaze-base,not_tested,1,1,0,0,/usr/bin/dh_bash-completion,nonzero_exit,,
427,2179,python3-pygments,2.14.0+dfsg-1,,not registered,missing_package,0,1,0,0,/usr/bin/pygmentize,not_run,,
428,2192,network-manager-gnome,1.30.0-2,,not registered,missing_package,0,2,0,0,/usr/bin/nm-applet;/usr/bin/nm-connection-editor,not_run,,
429,2198,reportbug,12.0.0,12.0.0,provided by kinakaze-base,not_tested,2,2,0,0,/usr/bin/querybts;/usr/bin/reportbug,passed,,
430,2204,kde-spectacle,22.12.3-1,,not registered,missing_package,0,1,0,0,/usr/bin/spectacle,not_run,,
431,2207,libunity9,7.1.4+19.04.20190319-6+b1,,not registered,missing_package,0,1,0,0,/usr/bin/unity-scope-loader,not_run,,
432,2209,powertop,2.14-1+b2,,not registered,missing_package,0,1,0,0,/usr/sbin/powertop,not_run,,
433,2210,exfatprogs,1.2.0-1+deb12u1,,not registered,missing_package,0,6,0,0,/usr/sbin/dump.exfat;/usr/sbin/exfat2img;/usr/sbin/exfatlabel;/usr/sbin/fsck.exfat;/usr/sbin/mkfs.exfat;/usr/sbin/tune.exfat,not_run,,
434,2216,libfile-mimeinfo-perl,0.33-1,,not registered,missing_package,0,2,0,0,/usr/bin/mimeopen;/usr/bin/mimetype,not_run,,
435,2219,libkf5globalaccel-bin,5.103.0-1,,not registered,missing_package,0,1,0,0,/usr/bin/kglobalaccel5,not_run,,
436,2221,conmon,2.1.6+ds1-1,,not registered,missing_package,0,1,0,0,/usr/bin/conmon,not_run,,
437,2222,installation-report,2.89,,not registered,missing_package,0,1,0,0,/usr/bin/report-hw,not_run,,
438,2231,orca,43.1-1,,not registered,missing_package,0,2,0,0,/usr/bin/orca;/usr/bin/orca-dm-wrapper,not_run,,
439,2232,clamav-freshclam,1.4.3+dfsg-1~deb12u2,,not registered,missing_package,0,1,0,0,/usr/bin/freshclam,not_run,,
440,2236,atril,1.26.0-2+deb12u4,,not registered,missing_package,0,3,0,0,/usr/bin/atril;/usr/bin/atril-previewer;/usr/bin/atril-thumbnailer,not_run,,
441,2239,m4,1.4.19-3,,not registered,missing_package,0,1,0,0,/usr/bin/m4,not_run,,
442,2240,kwin-x11,4:5.27.5-3,,not registered,missing_package,0,2,0,0,/usr/bin/kwin;/usr/bin/kwin_x11,not_run,,
443,2246,podman,4.3.1+ds1-8+deb12u1+b3,,not registered,missing_package,0,1,0,0,/usr/bin/podman,not_run,,
444,2251,pkgconf,1.8.1-1,1.8.1-1,install ok installed,passed,3,3,1,1,/usr/bin/x86_64-linux-gnu-pkg-config;/usr/bin/x86_64-linux-gnu-pkgconf,passed,,
445,2252,pkgconf-bin,1.8.1-1,1.8.1-1,install ok installed,passed,1,1,1,1,,passed,,
446,2253,tini,0.19.0-1+b3,,not registered,missing_package,0,2,0,0,/usr/bin/tini;/usr/bin/tini-static,not_run,,
447,2255,xterm,379-1,,not registered,missing_package,0,5,0,0,/usr/bin/koi8rxterm;/usr/bin/lxterm;/usr/bin/resize;/usr/bin/uxterm;/usr/bin/xterm,not_run,,
448,2264,libjson-xs-perl,4.040-1~deb12u1,,not registered,missing_package,0,1,0,0,/usr/bin/json_xs,not_run,,
449,2266,dc,1.07.1-3+b1,1.07.1-3+b1,install ok installed,passed,1,1,1,1,,passed,,
450,2267,cups-bsd,2.4.2-3+deb12u9,,not registered,missing_package,0,4,0,0,/usr/bin/lpq;/usr/bin/lpr;/usr/bin/lprm;/usr/sbin/lpc,not_run,,
451,2272,ark,4:22.12.3-1+deb12u1,,not registered,missing_package,0,1,0,0,/usr/bin/ark,not_run,,
452,2286,bind9,1:9.18.49-1~deb12u1,,not registered,missing_package,0,9,0,0,/usr/bin/arpaname;/usr/bin/dnssec-importkey;/usr/bin/named-journalprint;/usr/bin/named-nzd2nzf;/usr/bin/named-rrchecker;/usr/bin/nsec3hash;/usr/sbin/ddns-confgen;/usr/sbin/named;/usr/sbin/tsig-keygen,not_run,,
453,2290,cifs-utils,2:7.0-2,,not registered,missing_package,0,9,0,0,/sbin/mount.cifs;/sbin/mount.smb3;/usr/bin/cifscreds;/usr/bin/getcifsacl;/usr/bin/setcifsacl;/usr/bin/smb2-quota;/usr/bin/smbinfo;/usr/sbin/cifs.idmap;/usr/sbin/cifs.upcall,not_run,,
454,2296,cryptsetup,2:2.6.1-4~deb12u2,,not registered,missing_package,0,3,0,0,/sbin/cryptdisks_start;/sbin/cryptdisks_stop;/usr/sbin/luksformat,not_run,,
455,2301,fakeroot,1.31-1.2,,not registered,missing_package,0,4,0,0,/usr/bin/faked-sysv;/usr/bin/faked-tcp;/usr/bin/fakeroot-sysv;/usr/bin/fakeroot-tcp,not_run,,
456,2304,resolvconf,1.91+nmu1,,not registered,missing_package,0,1,0,0,/sbin/resolvconf,not_run,,
457,2310,wireguard-tools,1.0.20210914-1+b1,,not registered,missing_package,0,2,0,0,/usr/bin/wg;/usr/bin/wg-quick,not_run,,
458,2325,systemd-resolved,252.39-1~deb12u2,,not registered,missing_package,0,2,0,0,/sbin/resolvconf;/usr/bin/resolvectl,not_run,,
459,2335,aptitude-common,0.8.13-5,,not registered,missing_package,0,3,0,0,/usr/bin/aptitude-changelog-parser;/usr/bin/aptitude-create-state-bundle;/usr/bin/aptitude-run-state-bundle,not_run,,
460,2337,gimp,2.10.34-1+deb12u10,,not registered,missing_package,0,5,0,0,/usr/bin/gimp;/usr/bin/gimp-2.10;/usr/bin/gimp-console;/usr/bin/gimp-console-2.10;/usr/bin/gimp-test-clipboard-2.0,not_run,,
461,2340,insserv,1.24.0-1,,not registered,missing_package,0,1,0,0,/sbin/insserv,not_run,,
462,2341,aptitude,0.8.13-5,,not registered,missing_package,0,1,0,0,/usr/bin/aptitude-curses,not_run,,
463,2346,atop,2.8.1-1+deb12u1,,not registered,missing_package,0,5,0,0,/usr/bin/atop;/usr/bin/atopcat;/usr/bin/atopconvert;/usr/bin/atopsar;/usr/sbin/atopacctd,not_run,,
464,2348,tex-common,6.18,,not registered,missing_package,0,10,0,0,/usr/bin/dh_installtex;/usr/sbin/update-fmtutil;/usr/sbin/update-language;/usr/sbin/update-language-dat;/usr/sbin/update-language-def;/usr/sbin/update-language-lua;/usr/sbin/update-texmf;/usr/sbin/update-texmf-config;/usr/sbin/update-tl-stacked-conffile;/usr/sbin/update-updmap,not_run,,
465,2350,x11-apps,7.7+9,,not registered,missing_package,0,27,0,0,/usr/bin/atobm;/usr/bin/bitmap;/usr/bin/bmtoa;/usr/bin/ico;/usr/bin/oclock;/usr/bin/rendercheck;/usr/bin/transset;/usr/bin/x11perf;/usr/bin/x11perfcomp;/usr/bin/xbiff;/usr/bin/xcalc;/usr/bin/xclipboard;/usr/bin/xclock;/usr/bin/xconsole;/usr/bin/xcursorgen;/usr/bin/xcutsel;/usr/bin/xditview;/usr/bin/xedit;/usr/bin/xeyes;/usr/bin/xgc;/usr/bin/xload;/usr/bin/xlogo;/usr/bin/xmag;/usr/bin/xman;/usr/bin/xmore;/usr/bin/xwd;/usr/bin/xwud,not_run,,
466,2351,synaptic,0.91.3,,not registered,missing_package,0,2,0,0,/usr/bin/synaptic-pkexec;/usr/sbin/synaptic,not_run,,
467,2352,keyutils,1.6.3-2,,not registered,missing_package,0,3,0,0,/bin/keyctl;/sbin/key.dns_resolver;/sbin/request-key,not_run,,
468,2357,autotools-dev,20220109.1,,not registered,missing_package,0,2,0,0,/usr/bin/dh_autotools-dev_restoreconfig;/usr/bin/dh_autotools-dev_updateconfig,not_run,,
469,2358,chromium,150.0.7871.100-1~deb12u1,,not registered,missing_package,0,1,0,0,/usr/bin/chromium,not_run,,
470,2365,python3-jsonschema,4.10.3-1,,not registered,missing_package,0,1,0,0,/usr/bin/jsonschema,not_run,,
471,2378,zabbix-agent2,1:6.0.14+dfsg-1+b1,,not registered,missing_package,0,1,0,0,/usr/sbin/zabbix_agent2,not_run,,
472,2381,crun,1.8.1-1+deb12u1,,not registered,missing_package,0,1,0,0,/usr/bin/crun,not_run,,
473,2385,libgtk-3-bin,3.24.38-2~deb12u3,,not registered,missing_package,0,5,0,0,/usr/bin/broadwayd;/usr/bin/gtk-builder-tool;/usr/bin/gtk-encode-symbolic-svg;/usr/bin/gtk-launch;/usr/bin/gtk-query-settings,not_run,,
474,2392,liblcms2-utils,2.14-2+deb12u1,,not registered,missing_package,0,5,0,0,/usr/bin/jpgicc;/usr/bin/linkicc;/usr/bin/psicc;/usr/bin/tificc;/usr/bin/transicc,not_run,,
475,2393,printer-driver-foo2zjs,20200505dfsg0-2,,not registered,missing_package,0,24,0,0,/usr/bin/arm2hpdl;/usr/bin/ddstdecode;/usr/bin/foo2ddst;/usr/bin/foo2hbpl2;/usr/bin/foo2hiperc;/usr/bin/foo2hp;/usr/bin/foo2lava;/usr/bin/foo2oak;/usr/bin/foo2qpdl;/usr/bin/foo2slx;/usr/bin/foo2xqx;/usr/bin/foo2zjs;/usr/bin/foo2zjs-icc2ps;/usr/bin/gipddecode;/usr/bin/hbpldecode;/usr/bin/hipercdecode;/usr/bin/lavadecode;/usr/bin/oakdecode;/usr/bin/opldecode;/usr/bin/qpdldecode;/usr/bin/slxdecode;/usr/bin/usb_printerid;/usr/bin/xqxdecode;/usr/bin/zjsdecode,not_run,,
476,2394,printer-driver-foo2zjs-common,20200505dfsg0-2,,not registered,missing_package,0,13,0,0,/usr/bin/foo2ddst-wrapper;/usr/bin/foo2hbpl2-wrapper;/usr/bin/foo2hiperc-wrapper;/usr/bin/foo2hp2600-wrapper;/usr/bin/foo2lava-wrapper;/usr/bin/foo2oak-wrapper;/usr/bin/foo2qpdl-wrapper;/usr/bin/foo2slx-wrapper;/usr/bin/foo2xqx-wrapper;/usr/bin/foo2zjs-pstops;/usr/bin/foo2zjs-wrapper;/usr/bin/printer-profile;/usr/sbin/getweb,not_run,,
477,2396,bogofilter-bdb,1.2.5-1+b2,,not registered,missing_package,0,8,0,0,/usr/bin/bf_compact-bdb;/usr/bin/bf_copy-bdb;/usr/bin/bf_tar-bdb;/usr/bin/bogofilter-bdb;/usr/bin/bogolexer-bdb;/usr/bin/bogotune-bdb;/usr/bin/bogoupgrade-bdb;/usr/bin/bogoutil-bdb,not_run,,
478,2399,libarchive-zip-perl,1.68-1,,not registered,missing_package,0,1,0,0,/usr/bin/crc32,not_run,,
479,2402,ksystemstats,5.27.5-2,,not registered,missing_package,0,2,0,0,/usr/bin/kstatsviewer;/usr/bin/ksystemstats,not_run,,
480,2406,lynx,2.9.0dev.12-1,,not registered,missing_package,0,1,0,0,/usr/bin/lynx,not_run,,
481,2408,t1utils,1.41-4,,not registered,missing_package,0,6,0,0,/usr/bin/t1ascii;/usr/bin/t1asm;/usr/bin/t1binary;/usr/bin/t1disasm;/usr/bin/t1mac;/usr/bin/t1unmac,not_run,,
482,2412,ipset,7.17-1,,not registered,missing_package,0,2,0,0,/usr/sbin/ipset;/usr/sbin/ipset-translate,not_run,,
483,2413,irqbalance,1.9.2-1,,not registered,missing_package,0,2,0,0,/usr/sbin/irqbalance;/usr/sbin/irqbalance-ui,not_run,,
484,2416,uidmap,1:4.13+dfsg1-1+deb12u2,,not registered,missing_package,0,3,0,0,/usr/bin/getsubids;/usr/bin/newgidmap;/usr/bin/newuidmap,not_run,,
485,2430,deja-dup,44.0-2,,not registered,missing_package,0,1,0,0,/usr/bin/deja-dup,not_run,,
486,2432,xrdp,0.9.21.1-1+deb12u2,,not registered,missing_package,0,8,0,0,/usr/bin/xrdp-dis;/usr/bin/xrdp-genkeymap;/usr/bin/xrdp-keygen;/usr/bin/xrdp-sesadmin;/usr/bin/xrdp-sesrun;/usr/sbin/xrdp;/usr/sbin/xrdp-chansrv;/usr/sbin/xrdp-sesman,not_run,,
487,2439,gnustep-common,2.9.1-2,,not registered,missing_package,0,3,0,0,/usr/bin/debugapp;/usr/bin/openapp;/usr/bin/opentool,not_run,,
488,2442,gnustep-base-runtime,1.28.1+really1.28.0-5,,not registered,missing_package,0,18,0,0,/usr/bin/HTMLLinker;/usr/bin/autogsdoc;/usr/bin/cvtenc;/usr/bin/defaults;/usr/bin/gdnc;/usr/bin/gdomap;/usr/bin/gspath;/usr/bin/make_strings;/usr/bin/pl;/usr/bin/pl2link;/usr/bin/pldes;/usr/bin/plget;/usr/bin/plmerge;/usr/bin/plparse;/usr/bin/plser;/usr/bin/plutil;/usr/bin/sfparse;/usr/bin/xmlparse,not_run,,
489,2453,python-is-python3,3.11.2-1+deb12u1,,not registered,missing_package,0,2,0,0,/usr/bin/pydoc;/usr/bin/python,not_run,,
490,2459,mailutils,1:3.15-4,,not registered,missing_package,0,10,0,0,/usr/bin/decodemail;/usr/bin/dotlock.mailutils;/usr/bin/frm.mailutils;/usr/bin/from.mailutils;/usr/bin/mail.mailutils;/usr/bin/messages.mailutils;/usr/bin/mimeview;/usr/bin/movemail.mailutils;/usr/bin/readmsg.mailutils;/usr/bin/sieve,not_run,,
491,2461,nvme-cli,2.4+really2.3-3,,not registered,missing_package,0,1,0,0,/usr/sbin/nvme,not_run,,
492,2464,evolution,3.46.4-2+deb12u1,,not registered,missing_package,0,1,0,0,/usr/bin/evolution,not_run,,
493,2466,redis-server,5:7.0.15-1~deb12u7,,not registered,passed,1,1,1,1,,nonzero_exit,,
494,2468,lxcfs,5.0.3-1+deb12u1,,not registered,missing_package,0,1,0,0,/usr/bin/lxcfs,not_run,,
495,2470,netpbm,2:11.01.00-2,,not registered,missing_package,0,383,0,0,/usr/bin/411toppm;/usr/bin/anytopnm;/usr/bin/asciitopgm;/usr/bin/atktopbm;/usr/bin/avstopam;/usr/bin/bioradtopgm;/usr/bin/bmptopnm;/usr/bin/bmptoppm;/usr/bin/brushtopbm;/usr/bin/cameratopam;/usr/bin/cistopbm;/usr/bin/cmuwmtopbm;/usr/bin/ddbugtopbm;/usr/bin/escp2topbm;/usr/bin/eyuvtoppm;/usr/bin/fiascotopnm;/usr/bin/fitstopnm;/usr/bin/fstopgm;/usr/bin/g3topbm;/usr/bin/gemtopbm;/usr/bin/gemtopnm;/usr/bin/giftopnm;/usr/bin/gouldtoppm;/usr/bin/hdifftopam;/usr/bin/hipstopgm;/usr/bin/hpcdtoppm;/usr/bin/icontopbm;/usr/bin/ilbmtoppm;/usr/bin/imagetops;/usr/bin/imgtoppm;/usr/bin/infotopam;/usr/bin/jbigtopnm;/usr/bin/jpeg2ktopam;/usr/bin/jpegtopnm;/usr/bin/leaftoppm;/usr/bin/lispmtopgm;/usr/bin/macptopbm;/usr/bin/mdatopbm;/usr/bin/mgrtopbm;/usr/bin/mrftopbm;/usr/bin/mtvtoppm;/usr/bin/neotoppm;/usr/bin/palmtopnm;/usr/bin/pamaddnoise;/usr/bin/pamaltsat;/usr/bin/pamarith;/usr/bin/pambackground;/usr/bin/pambayer;/usr/bin/pambrighten;/usr/bin/pamcat;/usr/bin/pamchannel;/usr/bin/pamcomp;/usr/bin/pamcrater;/usr/bin/pamcut;/usr/bin/pamdeinterlace;/usr/bin/pamdepth;/usr/bin/pamdice;/usr/bin/pamditherbw;/usr/bin/pamedge;/usr/bin/pamendian;/usr/bin/pamenlarge;/usr/bin/pamexec;/usr/bin/pamfile;/usr/bin/pamfind;/usr/bin/pamfix;/usr/bin/pamfixtrunc;/usr/bin/pamflip;/usr/bin/pamfunc;/usr/bin/pamgauss;/usr/bin/pamgetcolor;/usr/bin/pamgradient;/usr/bin/pamhomography;/usr/bin/pamhue;/usr/bin/pamlevels;/usr/bin/pamlookup;/usr/bin/pammasksharpen;/usr/bin/pammixinterlace;/usr/bin/pammixmulti;/usr/bin/pammosaicknit;/usr/bin/pamoil;/usr/bin/pampaintspill;/usr/bin/pamperspective;/usr/bin/pampick;/usr/bin/pampop9;/usr/bin/pamrecolor;/usr/bin/pamrestack;/usr/bin/pamrgbatopng;/usr/bin/pamrubber;/usr/bin/pamscale;/usr/bin/pamseq;/usr/bin/pamshadedrelief;/usr/bin/pamsharpmap;/usr/bin/pamsharpness;/usr/bin/pamshuffle;/usr/bin/pamsistoaglyph;/usr/bin/pamslice;/usr/bin/pamsplit;/usr/bin/pamstack;/usr/bin/pamstereogram;/usr/bin/pamstretch;/usr/bin/pamstretch-gen;/usr/bin/pamsumm;/usr/bin/pamsummcol;/usr/bin/pamtable;/usr/bin/pamthreshold;/usr/bin/pamtilt;/usr/bin/pamtoavs;/usr/bin/pamtodjvurle;/usr/bin/pamtofits;/usr/bin/pamtogif;/usr/bin/pamtohdiff;/usr/bin/pamtohtmltbl;/usr/bin/pamtojpeg2k;/usr/bin/pamtompfont;/usr/bin/pamtooctaveimg;/usr/bin/pamtopam;/usr/bin/pamtopdbimg;/usr/bin/pamtopfm;/usr/bin/pamtopng;/usr/bin/pamtopnm;/usr/bin/pamtoqoi;/usr/bin/pamtosrf;/usr/bin/pamtosvg;/usr/bin/pamtotga;/usr/bin/pamtotiff;/usr/bin/pamtouil;/usr/bin/pamtowinicon;/usr/bin/pamtoxvmini;/usr/bin/pamtris;/usr/bin/pamundice;/usr/bin/pamunlookup;/usr/bin/pamvalidate;/usr/bin/pamwipeout;/usr/bin/pamx;/usr/bin/pbmclean;/usr/bin/pbmlife;/usr/bin/pbmmake;/usr/bin/pbmmask;/usr/bin/pbmminkowski;/usr/bin/pbmnoise;/usr/bin/pbmpage;/usr/bin/pbmpscale;/usr/bin/pbmreduce;/usr/bin/pbmtext;/usr/bin/pbmtextps;/usr/bin/pbmto10x;/usr/bin/pbmto4425;/usr/bin/pbmtoascii;/usr/bin/pbmtoatk;/usr/bin/pbmtobbnbg;/usr/bin/pbmtocis;/usr/bin/pbmtocmuwm;/usr/bin/pbmtodjvurle;/usr/bin/pbmtoepsi;/usr/bin/pbmtoepson;/usr/bin/pbmtoescp2;/usr/bin/pbmtog3;/usr/bin/pbmtogem;/usr/bin/pbmtogo;/usr/bin/pbmtoibm23xx;/usr/bin/pbmtoicon;/usr/bin/pbmtolj;/usr/bin/pbmtoln03;/usr/bin/pbmtolps;/usr/bin/pbmtomacp;/usr/bin/pbmtomatrixorbital;/usr/bin/pbmtomda;/usr/bin/pbmtomgr;/usr/bin/pbmtomrf;/usr/bin/pbmtonokia;/usr/bin/pbmtopgm;/usr/bin/pbmtopi3;/usr/bin/pbmtopk;/usr/bin/pbmtoplot;/usr/bin/pbmtoppa;/usr/bin/pbmtopsg3;/usr/bin/pbmtoptx;/usr/bin/pbmtosunicon;/usr/bin/pbmtowbmp;/usr/bin/pbmtox10bm;/usr/bin/pbmtoxbm;/usr/bin/pbmtoybm;/usr/bin/pbmtozinc;/usr/bin/pbmupc;/usr/bin/pc1toppm;/usr/bin/pcdindex;/usr/bin/pcdovtoppm;/usr/bin/pcxtoppm;/usr/bin/pdbimgtopam;/usr/bin/pfmtopam;/usr/bin/pgmabel;/usr/bin/pgmbentley;/usr/bin/pgmcrater;/usr/bin/pgmdeshadow;/usr/bin/pgmedge;/usr/bin/pgmenhance;/usr/bin/pgmhist;/usr/bin/pgmkernel;/usr/bin/pgmmake;/usr/bin/pgmmedian;/usr/bin/pgmminkowski;/usr/bin/pgmmorphconv;/usr/bin/pgmnoise;/usr/bin/pgmnorm;/usr/bin/pgmoil;/usr/bin/pgmramp;/usr/bin/pgmslice;/usr/bin/pgmtexture;/usr/bin/pgmtofs;/usr/bin/pgmtolispm;/usr/bin/pgmtopbm;/usr/bin/pgmtopgm;/usr/bin/pgmtoppm;/usr/bin/pgmtosbig;/usr/bin/pgmtost4;/usr/bin/pi1toppm;/usr/bin/pi3topbm;/usr/bin/pjtoppm;/usr/bin/pktopbm;/usr/bin/pngtopam;/usr/bin/pngtopnm;/usr/bin/pnmalias;/usr/bin/pnmarith;/usr/bin/pnmcat;/usr/bin/pnmcolormap;/usr/bin/pnmcomp;/usr/bin/pnmconvol;/usr/bin/pnmcrop;/usr/bin/pnmcut;/usr/bin/pnmdepth;/usr/bin/pnmenlarge;/usr/bin/pnmfile;/usr/bin/pnmflip;/usr/bin/pnmgamma;/usr/bin/pnmhisteq;/usr/bin/pnmhistmap;/usr/bin/pnmindex;/usr/bin/pnminterp;/usr/bin/pnminterp-gen;/usr/bin/pnminvert;/usr/bin/pnmmargin;/usr/bin/pnmmercator;/usr/bin/pnmmontage;/usr/bin/pnmnlfilt;/usr/bin/pnmnoraw;/usr/bin/pnmnorm;/usr/bin/pnmpad;/usr/bin/pnmpaste;/usr/bin/pnmpsnr;/usr/bin/pnmquant;/usr/bin/pnmquantall;/usr/bin/pnmremap;/usr/bin/pnmrotate;/usr/bin/pnmscale;/usr/bin/pnmscalefixed;/usr/bin/pnmshear;/usr/bin/pnmsmooth;/usr/bin/pnmsplit;/usr/bin/pnmstitch;/usr/bin/pnmtile;/usr/bin/pnmtoddif;/usr/bin/pnmtofiasco;/usr/bin/pnmtofits;/usr/bin/pnmtojbig;/usr/bin/pnmtojpeg;/usr/bin/pnmtopalm;/usr/bin/pnmtopclxl;/usr/bin/pnmtoplainpnm;/usr/bin/pnmtopng;/usr/bin/pnmtopnm;/usr/bin/pnmtops;/usr/bin/pnmtorast;/usr/bin/pnmtorle;/usr/bin/pnmtosgi;/usr/bin/pnmtosir;/usr/bin/pnmtotiff;/usr/bin/pnmtotiffcmyk;/usr/bin/pnmtoxwd;/usr/bin/ppm3d;/usr/bin/ppmbrighten;/usr/bin/ppmchange;/usr/bin/ppmcie;/usr/bin/ppmcolormask;/usr/bin/ppmcolors;/usr/bin/ppmdcfont;/usr/bin/ppmddumpfont;/usr/bin/ppmdim;/usr/bin/ppmdist;/usr/bin/ppmdither;/usr/bin/ppmdmkfont;/usr/bin/ppmdraw;/usr/bin/ppmfade;/usr/bin/ppmflash;/usr/bin/ppmforge;/usr/bin/ppmglobe;/usr/bin/ppmhist;/usr/bin/ppmlabel;/usr/bin/ppmmake;/usr/bin/ppmmix;/usr/bin/ppmnorm;/usr/bin/ppmntsc;/usr/bin/ppmpat;/usr/bin/ppmquant;/usr/bin/ppmquantall;/usr/bin/ppmrainbow;/usr/bin/ppmrelief;/usr/bin/ppmrough;/usr/bin/ppmshadow;/usr/bin/ppmshift;/usr/bin/ppmspread;/usr/bin/ppmtoacad;/usr/bin/ppmtoapplevol;/usr/bin/ppmtoarbtxt;/usr/bin/ppmtoascii;/usr/bin/ppmtobmp;/usr/bin/ppmtoeyuv;/usr/bin/ppmtogif;/usr/bin/ppmtoicr;/usr/bin/ppmtoilbm;/usr/bin/ppmtojpeg;/usr/bin/ppmtoleaf;/usr/bin/ppmtolj;/usr/bin/ppmtomap;/usr/bin/ppmtomitsu;/usr/bin/ppmtompeg;/usr/bin/ppmtoneo;/usr/bin/ppmtopcx;/usr/bin/ppmtopgm;/usr/bin/ppmtopi1;/usr/bin/ppmtopict;/usr/bin/ppmtopj;/usr/bin/ppmtopjxl;/usr/bin/ppmtoppm;/usr/bin/ppmtopuzz;/usr/bin/ppmtorgb3;/usr/bin/ppmtosixel;/usr/bin/ppmtospu;/usr/bin/ppmtoterm;/usr/bin/ppmtotga;/usr/bin/ppmtouil;/usr/bin/ppmtowinicon;/usr/bin/ppmtoxpm;/usr/bin/ppmtoyuv;/usr/bin/ppmtoyuvsplit;/usr/bin/ppmtv;/usr/bin/ppmwheel;/usr/bin/psidtopgm;/usr/bin/pstopnm;/usr/bin/qoitopam;/usr/bin/qrttoppm;/usr/bin/rasttopnm;/usr/bin/rawtopgm;/usr/bin/rawtoppm;/usr/bin/rgb3toppm;/usr/bin/rlatopam;/usr/bin/rletopnm;/usr/bin/sbigtopgm;/usr/bin/sgitopnm;/usr/bin/sirtopnm;/usr/bin/sldtoppm;/usr/bin/spctoppm;/usr/bin/spottopgm;/usr/bin/sputoppm;/usr/bin/srftopam;/usr/bin/st4topgm;/usr/bin/sunicontopnm;/usr/bin/svgtopam;/usr/bin/tgatoppm;/usr/bin/thinkjettopbm;/usr/bin/tifftopnm;/usr/bin/wbmptopbm;/usr/bin/winicontopam;/usr/bin/winicontoppm;/usr/bin/xbmtopbm;/usr/bin/ximtoppm;/usr/bin/xpmtoppm;/usr/bin/xvminitoppm;/usr/bin/xwdtopnm;/usr/bin/ybmtopbm;/usr/bin/yuvsplittoppm;/usr/bin/yuvtoppm;/usr/bin/yuy2topam;/usr/bin/zeisstopnm,not_run,,
496,2473,haveged,1.9.14-1+deb12u1,,not registered,missing_package,0,1,0,0,/usr/sbin/haveged,not_run,,
497,2476,autoconf,2.71-3,,not registered,missing_package,0,7,0,0,/usr/bin/autoconf;/usr/bin/autoheader;/usr/bin/autom4te;/usr/bin/autoreconf;/usr/bin/autoscan;/usr/bin/autoupdate;/usr/bin/ifnames,not_run,,
498,2478,netfilter-persistent,1.0.20,,not registered,missing_package,0,1,0,0,/usr/sbin/netfilter-persistent,not_run,,
499,2487,xinit,1.4.0-1,,not registered,missing_package,0,2,0,0,/usr/bin/startx;/usr/bin/xinit,not_run,,
500,2488,selinux-utils,3.4-1+b6,,not registered,missing_package,0,28,0,0,/usr/sbin/avcstat;/usr/sbin/compute_av;/usr/sbin/compute_create;/usr/sbin/compute_member;/usr/sbin/compute_relabel;/usr/sbin/getconlist;/usr/sbin/getdefaultcon;/usr/sbin/getenforce;/usr/sbin/getfilecon;/usr/sbin/getpidcon;/usr/sbin/getsebool;/usr/sbin/getseuser;/usr/sbin/matchpathcon;/usr/sbin/policyvers;/usr/sbin/sefcontext_compile;/usr/sbin/selabel_digest;/usr/sbin/selabel_get_digests_all_partial_matches;/usr/sbin/selabel_lookup;/usr/sbin/selabel_lookup_best_match;/usr/sbin/selabel_partial_match;/usr/sbin/selinux_check_access;/usr/sbin/selinux_check_securetty_context;/usr/sbin/selinuxenabled;/usr/sbin/selinuxexeccon;/usr/sbin/setenforce;/usr/sbin/setfilecon;/usr/sbin/togglesebool;/usr/sbin/validatetrans,not_run,,
